Copyright 1986-2022 Xilinx, Inc. All Rights Reserved. Copyright 2022-2024 Advanced Micro Devices, Inc. All Rights Reserved.
---------------------------------------------------------------------------------------------------------------------------------------------------------------------------------------------------------------------------------------
| Tool Version : Vivado v.2024.2 (win64) Build 5239630 Fri Nov 08 22:35:27 MST 2024
| Date         : Wed Jun  3 05:38:08 2026
| Host         : LAPTOP-SV114DSC running 64-bit major release  (build 9200)
| Command      : report_timing_summary -max_paths 10 -report_unconstrained -file system_wrapper_timing_summary_routed.rpt -pb system_wrapper_timing_summary_routed.pb -rpx system_wrapper_timing_summary_routed.rpx -warn_on_violation
| Design       : system_wrapper
| Device       : 7z020-clg400
| Speed File   : -1  PRODUCTION 1.12 2019-11-22
| Design State : Routed
---------------------------------------------------------------------------------------------------------------------------------------------------------------------------------------------------------------------------------------

Timing Summary Report

------------------------------------------------------------------------------------------------
| Timer Settings
| --------------
------------------------------------------------------------------------------------------------

  Enable Multi Corner Analysis               :  Yes
  Enable Pessimism Removal                   :  Yes
  Pessimism Removal Resolution               :  Nearest Common Node
  Enable Input Delay Default Clock           :  No
  Enable Preset / Clear Arcs                 :  No
  Disable Flight Delays                      :  No
  Ignore I/O Paths                           :  No
  Timing Early Launch at Borrowing Latches   :  No
  Borrow Time for Max Delay Exceptions       :  Yes
  Merge Timing Exceptions                    :  Yes
  Inter-SLR Compensation                     :  Conservative

  Corner  Analyze    Analyze    
  Name    Max Paths  Min Paths  
  ------  ---------  ---------  
  Slow    Yes        Yes        
  Fast    Yes        Yes        


------------------------------------------------------------------------------------------------
| Report Methodology
| ------------------
------------------------------------------------------------------------------------------------

No report available as report_methodology has not been run prior. Run report_methodology on the current design for the summary of methodology violations.



check_timing report

Table of Contents
-----------------
1. checking no_clock (0)
2. checking constant_clock (0)
3. checking pulse_width_clock (0)
4. checking unconstrained_internal_endpoints (0)
5. checking no_input_delay (0)
6. checking no_output_delay (0)
7. checking multiple_clock (0)
8. checking generated_clocks (0)
9. checking loops (0)
10. checking partial_input_delay (0)
11. checking partial_output_delay (0)
12. checking latch_loops (0)

1. checking no_clock (0)
------------------------
 There are 0 register/latch pins with no clock.


2. checking constant_clock (0)
------------------------------
 There are 0 register/latch pins with constant_clock.


3. checking pulse_width_clock (0)
---------------------------------
 There are 0 register/latch pins which need pulse_width check


4. checking unconstrained_internal_endpoints (0)
------------------------------------------------
 There are 0 pins that are not constrained for maximum delay.

 There are 0 pins that are not constrained for maximum delay due to constant clock.


5. checking no_input_delay (0)
------------------------------
 There are 0 input ports with no input delay specified.

 There are 0 input ports with no input delay but user has a false path constraint.


6. checking no_output_delay (0)
-------------------------------
 There are 0 ports with no output delay specified.

 There are 0 ports with no output delay but user has a false path constraint

 There are 0 ports with no output delay but with a timing clock defined on it or propagating through it


7. checking multiple_clock (0)
------------------------------
 There are 0 register/latch pins with multiple clocks.


8. checking generated_clocks (0)
--------------------------------
 There are 0 generated clocks that are not connected to a clock source.


9. checking loops (0)
---------------------
 There are 0 combinational loops in the design.


10. checking partial_input_delay (0)
------------------------------------
 There are 0 input ports with partial input delay specified.


11. checking partial_output_delay (0)
-------------------------------------
 There are 0 ports with partial output delay specified.


12. checking latch_loops (0)
----------------------------
 There are 0 combinational latch loops in the design through latch input



------------------------------------------------------------------------------------------------
| Design Timing Summary
| ---------------------
------------------------------------------------------------------------------------------------

    WNS(ns)      TNS(ns)  TNS Failing Endpoints  TNS Total Endpoints      WHS(ns)      THS(ns)  THS Failing Endpoints  THS Total Endpoints     WPWS(ns)     TPWS(ns)  TPWS Failing Endpoints  TPWS Total Endpoints  
    -------      -------  ---------------------  -------------------      -------      -------  ---------------------  -------------------     --------     --------  ----------------------  --------------------  
      2.460        0.000                      0                 5156        0.036        0.000                      0                 5156        3.750        0.000                       0                  2320  


All user specified timing constraints are met.


------------------------------------------------------------------------------------------------
| Clock Summary
| -------------
------------------------------------------------------------------------------------------------

Clock       Waveform(ns)       Period(ns)      Frequency(MHz)
-----       ------------       ----------      --------------
clk_fpga_0  {0.000 5.000}      10.000          100.000         


------------------------------------------------------------------------------------------------
| Intra Clock Table
| -----------------
------------------------------------------------------------------------------------------------

Clock             WNS(ns)      TNS(ns)  TNS Failing Endpoints  TNS Total Endpoints      WHS(ns)      THS(ns)  THS Failing Endpoints  THS Total Endpoints     WPWS(ns)     TPWS(ns)  TPWS Failing Endpoints  TPWS Total Endpoints  
-----             -------      -------  ---------------------  -------------------      -------      -------  ---------------------  -------------------     --------     --------  ----------------------  --------------------  
clk_fpga_0          2.460        0.000                      0                 5156        0.036        0.000                      0                 5156        3.750        0.000                       0                  2320  


------------------------------------------------------------------------------------------------
| Inter Clock Table
| -----------------
------------------------------------------------------------------------------------------------

From Clock    To Clock          WNS(ns)      TNS(ns)  TNS Failing Endpoints  TNS Total Endpoints      WHS(ns)      THS(ns)  THS Failing Endpoints  THS Total Endpoints  
----------    --------          -------      -------  ---------------------  -------------------      -------      -------  ---------------------  -------------------  


------------------------------------------------------------------------------------------------
| Other Path Groups Table
| -----------------------
------------------------------------------------------------------------------------------------

Path Group    From Clock    To Clock          WNS(ns)      TNS(ns)  TNS Failing Endpoints  TNS Total Endpoints      WHS(ns)      THS(ns)  THS Failing Endpoints  THS Total Endpoints  
----------    ----------    --------          -------      -------  ---------------------  -------------------      -------      -------  ---------------------  -------------------  


------------------------------------------------------------------------------------------------
| User Ignored Path Table
| -----------------------
------------------------------------------------------------------------------------------------

Path Group    From Clock    To Clock    
----------    ----------    --------    
(none)                      clk_fpga_0    
(none)        clk_fpga_0    clk_fpga_0    


------------------------------------------------------------------------------------------------
| Unconstrained Path Table
| ------------------------
------------------------------------------------------------------------------------------------

Path Group    From Clock    To Clock    
----------    ----------    --------    


------------------------------------------------------------------------------------------------
| Timing Details
| --------------
------------------------------------------------------------------------------------------------


---------------------------------------------------------------------------------------------------
From Clock:  clk_fpga_0
  To Clock:  clk_fpga_0

Setup :            0  Failing Endpoints,  Worst Slack        2.460ns,  Total Violation        0.000ns
Hold  :            0  Failing Endpoints,  Worst Slack        0.036ns,  Total Violation        0.000ns
PW    :            0  Failing Endpoints,  Worst Slack        3.750ns,  Total Violation        0.000ns
---------------------------------------------------------------------------------------------------


Max Delay Paths
--------------------------------------------------------------------------------------
Slack (MET) :             2.460ns  (required time - arrival time)
  Source:                 system_i/proc_sys_reset_0/U0/ACTIVE_LOW_PR_OUT_DFF[0].FDRE_PER_N/C
                            (rising edge-triggered cell FDRE clocked by clk_fpga_0  {rise@0.000ns fall@5.000ns period=10.000ns})
  Destination:            system_i/matmul_accel_0/inst/gmem0_m_axi_U/load_unit_0/buff_rdata/waddr_reg[1]/R
                            (rising edge-triggered cell FDRE clocked by clk_fpga_0  {rise@0.000ns fall@5.000ns period=10.000ns})
  Path Group:             clk_fpga_0
  Path Type:              Setup (Max at Slow Process Corner)
  Requirement:            10.000ns  (clk_fpga_0 rise@10.000ns - clk_fpga_0 rise@0.000ns)
  Data Path Delay:        6.599ns  (logic 0.610ns (9.244%)  route 5.989ns (90.756%))
  Logic Levels:           1  (LUT1=1)
  Clock Path Skew:        -0.060ns (DCD - SCD + CPR)
    Destination Clock Delay (DCD):    2.647ns = ( 12.647 - 10.000 ) 
    Source Clock Delay      (SCD):    2.936ns
    Clock Pessimism Removal (CPR):    0.229ns
  Clock Uncertainty:      0.154ns  ((TSJ^2 + TIJ^2)^1/2 + DJ) / 2 + PE
    Total System Jitter     (TSJ):    0.071ns
    Total Input Jitter      (TIJ):    0.300ns
    Discrete Jitter          (DJ):    0.000ns
    Phase Error              (PE):    0.000ns

    Location             Delay type                Incr(ns)  Path(ns)    Netlist Resource(s)
  -------------------------------------------------------------------    -------------------
                         (clock clk_fpga_0 rise edge)
                                                      0.000     0.000 r  
    PS7_X0Y0             PS7                          0.000     0.000 r  system_i/processing_system7_0/inst/PS7_i/FCLKCLK[0]
                         net (fo=1, routed)           1.193     1.193    system_i/processing_system7_0/inst/FCLK_CLK_unbuffered[0]
    BUFGCTRL_X0Y16       BUFG (Prop_bufg_I_O)         0.101     1.294 r  system_i/processing_system7_0/inst/buffer_fclk_clk_0.FCLK_CLK_0_BUFG/O
                         net (fo=2320, routed)        1.642     2.936    system_i/proc_sys_reset_0/U0/slowest_sync_clk
    SLICE_X47Y67         FDRE                                         r  system_i/proc_sys_reset_0/U0/ACTIVE_LOW_PR_OUT_DFF[0].FDRE_PER_N/C
  -------------------------------------------------------------------    -------------------
    SLICE_X47Y67         FDRE (Prop_fdre_C_Q)         0.456     3.392 f  system_i/proc_sys_reset_0/U0/ACTIVE_LOW_PR_OUT_DFF[0].FDRE_PER_N/Q
                         net (fo=40, routed)          2.247     5.639    system_i/matmul_accel_0/inst/gmem2_m_axi_U/bus_write/wreq_burst_conv/rs_req/ap_rst_n
    SLICE_X45Y82         LUT1 (Prop_lut1_I0_O)        0.154     5.793 r  system_i/matmul_accel_0/inst/gmem2_m_axi_U/bus_write/wreq_burst_conv/rs_req/could_multi_bursts.burst_valid_i_1__1/O
                         net (fo=695, routed)         3.742     9.535    system_i/matmul_accel_0/inst/gmem0_m_axi_U/load_unit_0/buff_rdata/ap_rst_n_inv
    SLICE_X32Y70         FDRE                                         r  system_i/matmul_accel_0/inst/gmem0_m_axi_U/load_unit_0/buff_rdata/waddr_reg[1]/R
  -------------------------------------------------------------------    -------------------

                         (clock clk_fpga_0 rise edge)
                                                     10.000    10.000 r  
    PS7_X0Y0             PS7                          0.000    10.000 r  system_i/processing_system7_0/inst/PS7_i/FCLKCLK[0]
                         net (fo=1, routed)           1.088    11.088    system_i/processing_system7_0/inst/FCLK_CLK_unbuffered[0]
    BUFGCTRL_X0Y16       BUFG (Prop_bufg_I_O)         0.091    11.179 r  system_i/processing_system7_0/inst/buffer_fclk_clk_0.FCLK_CLK_0_BUFG/O
                         net (fo=2320, routed)        1.468    12.647    system_i/matmul_accel_0/inst/gmem0_m_axi_U/load_unit_0/buff_rdata/ap_clk
    SLICE_X32Y70         FDRE                                         r  system_i/matmul_accel_0/inst/gmem0_m_axi_U/load_unit_0/buff_rdata/waddr_reg[1]/C
                         clock pessimism              0.229    12.876    
                         clock uncertainty           -0.154    12.722    
    SLICE_X32Y70         FDRE (Setup_fdre_C_R)       -0.727    11.995    system_i/matmul_accel_0/inst/gmem0_m_axi_U/load_unit_0/buff_rdata/waddr_reg[1]
  -------------------------------------------------------------------
                         required time                         11.995    
                         arrival time                          -9.535    
  -------------------------------------------------------------------
                         slack                                  2.460    

Slack (MET) :             2.460ns  (required time - arrival time)
  Source:                 system_i/proc_sys_reset_0/U0/ACTIVE_LOW_PR_OUT_DFF[0].FDRE_PER_N/C
                            (rising edge-triggered cell FDRE clocked by clk_fpga_0  {rise@0.000ns fall@5.000ns period=10.000ns})
  Destination:            system_i/matmul_accel_0/inst/gmem0_m_axi_U/load_unit_0/buff_rdata/waddr_reg[2]/R
                            (rising edge-triggered cell FDRE clocked by clk_fpga_0  {rise@0.000ns fall@5.000ns period=10.000ns})
  Path Group:             clk_fpga_0
  Path Type:              Setup (Max at Slow Process Corner)
  Requirement:            10.000ns  (clk_fpga_0 rise@10.000ns - clk_fpga_0 rise@0.000ns)
  Data Path Delay:        6.599ns  (logic 0.610ns (9.244%)  route 5.989ns (90.756%))
  Logic Levels:           1  (LUT1=1)
  Clock Path Skew:        -0.060ns (DCD - SCD + CPR)
    Destination Clock Delay (DCD):    2.647ns = ( 12.647 - 10.000 ) 
    Source Clock Delay      (SCD):    2.936ns
    Clock Pessimism Removal (CPR):    0.229ns
  Clock Uncertainty:      0.154ns  ((TSJ^2 + TIJ^2)^1/2 + DJ) / 2 + PE
    Total System Jitter     (TSJ):    0.071ns
    Total Input Jitter      (TIJ):    0.300ns
    Discrete Jitter          (DJ):    0.000ns
    Phase Error              (PE):    0.000ns

    Location             Delay type                Incr(ns)  Path(ns)    Netlist Resource(s)
  -------------------------------------------------------------------    -------------------
                         (clock clk_fpga_0 rise edge)
                                                      0.000     0.000 r  
    PS7_X0Y0             PS7                          0.000     0.000 r  system_i/processing_system7_0/inst/PS7_i/FCLKCLK[0]
                         net (fo=1, routed)           1.193     1.193    system_i/processing_system7_0/inst/FCLK_CLK_unbuffered[0]
    BUFGCTRL_X0Y16       BUFG (Prop_bufg_I_O)         0.101     1.294 r  system_i/processing_system7_0/inst/buffer_fclk_clk_0.FCLK_CLK_0_BUFG/O
                         net (fo=2320, routed)        1.642     2.936    system_i/proc_sys_reset_0/U0/slowest_sync_clk
    SLICE_X47Y67         FDRE                                         r  system_i/proc_sys_reset_0/U0/ACTIVE_LOW_PR_OUT_DFF[0].FDRE_PER_N/C
  -------------------------------------------------------------------    -------------------
    SLICE_X47Y67         FDRE (Prop_fdre_C_Q)         0.456     3.392 f  system_i/proc_sys_reset_0/U0/ACTIVE_LOW_PR_OUT_DFF[0].FDRE_PER_N/Q
                         net (fo=40, routed)          2.247     5.639    system_i/matmul_accel_0/inst/gmem2_m_axi_U/bus_write/wreq_burst_conv/rs_req/ap_rst_n
    SLICE_X45Y82         LUT1 (Prop_lut1_I0_O)        0.154     5.793 r  system_i/matmul_accel_0/inst/gmem2_m_axi_U/bus_write/wreq_burst_conv/rs_req/could_multi_bursts.burst_valid_i_1__1/O
                         net (fo=695, routed)         3.742     9.535    system_i/matmul_accel_0/inst/gmem0_m_axi_U/load_unit_0/buff_rdata/ap_rst_n_inv
    SLICE_X32Y70         FDRE                                         r  system_i/matmul_accel_0/inst/gmem0_m_axi_U/load_unit_0/buff_rdata/waddr_reg[2]/R
  -------------------------------------------------------------------    -------------------

                         (clock clk_fpga_0 rise edge)
                                                     10.000    10.000 r  
    PS7_X0Y0             PS7                          0.000    10.000 r  system_i/processing_system7_0/inst/PS7_i/FCLKCLK[0]
                         net (fo=1, routed)           1.088    11.088    system_i/processing_system7_0/inst/FCLK_CLK_unbuffered[0]
    BUFGCTRL_X0Y16       BUFG (Prop_bufg_I_O)         0.091    11.179 r  system_i/processing_system7_0/inst/buffer_fclk_clk_0.FCLK_CLK_0_BUFG/O
                         net (fo=2320, routed)        1.468    12.647    system_i/matmul_accel_0/inst/gmem0_m_axi_U/load_unit_0/buff_rdata/ap_clk
    SLICE_X32Y70         FDRE                                         r  system_i/matmul_accel_0/inst/gmem0_m_axi_U/load_unit_0/buff_rdata/waddr_reg[2]/C
                         clock pessimism              0.229    12.876    
                         clock uncertainty           -0.154    12.722    
    SLICE_X32Y70         FDRE (Setup_fdre_C_R)       -0.727    11.995    system_i/matmul_accel_0/inst/gmem0_m_axi_U/load_unit_0/buff_rdata/waddr_reg[2]
  -------------------------------------------------------------------
                         required time                         11.995    
                         arrival time                          -9.535    
  -------------------------------------------------------------------
                         slack                                  2.460    

Slack (MET) :             2.460ns  (required time - arrival time)
  Source:                 system_i/proc_sys_reset_0/U0/ACTIVE_LOW_PR_OUT_DFF[0].FDRE_PER_N/C
                            (rising edge-triggered cell FDRE clocked by clk_fpga_0  {rise@0.000ns fall@5.000ns period=10.000ns})
  Destination:            system_i/matmul_accel_0/inst/gmem0_m_axi_U/load_unit_0/buff_rdata/waddr_reg[3]/R
                            (rising edge-triggered cell FDRE clocked by clk_fpga_0  {rise@0.000ns fall@5.000ns period=10.000ns})
  Path Group:             clk_fpga_0
  Path Type:              Setup (Max at Slow Process Corner)
  Requirement:            10.000ns  (clk_fpga_0 rise@10.000ns - clk_fpga_0 rise@0.000ns)
  Data Path Delay:        6.599ns  (logic 0.610ns (9.244%)  route 5.989ns (90.756%))
  Logic Levels:           1  (LUT1=1)
  Clock Path Skew:        -0.060ns (DCD - SCD + CPR)
    Destination Clock Delay (DCD):    2.647ns = ( 12.647 - 10.000 ) 
    Source Clock Delay      (SCD):    2.936ns
    Clock Pessimism Removal (CPR):    0.229ns
  Clock Uncertainty:      0.154ns  ((TSJ^2 + TIJ^2)^1/2 + DJ) / 2 + PE
    Total System Jitter     (TSJ):    0.071ns
    Total Input Jitter      (TIJ):    0.300ns
    Discrete Jitter          (DJ):    0.000ns
    Phase Error              (PE):    0.000ns

    Location             Delay type                Incr(ns)  Path(ns)    Netlist Resource(s)
  -------------------------------------------------------------------    -------------------
                         (clock clk_fpga_0 rise edge)
                                                      0.000     0.000 r  
    PS7_X0Y0             PS7                          0.000     0.000 r  system_i/processing_system7_0/inst/PS7_i/FCLKCLK[0]
                         net (fo=1, routed)           1.193     1.193    system_i/processing_system7_0/inst/FCLK_CLK_unbuffered[0]
    BUFGCTRL_X0Y16       BUFG (Prop_bufg_I_O)         0.101     1.294 r  system_i/processing_system7_0/inst/buffer_fclk_clk_0.FCLK_CLK_0_BUFG/O
                         net (fo=2320, routed)        1.642     2.936    system_i/proc_sys_reset_0/U0/slowest_sync_clk
    SLICE_X47Y67         FDRE                                         r  system_i/proc_sys_reset_0/U0/ACTIVE_LOW_PR_OUT_DFF[0].FDRE_PER_N/C
  -------------------------------------------------------------------    -------------------
    SLICE_X47Y67         FDRE (Prop_fdre_C_Q)         0.456     3.392 f  system_i/proc_sys_reset_0/U0/ACTIVE_LOW_PR_OUT_DFF[0].FDRE_PER_N/Q
                         net (fo=40, routed)          2.247     5.639    system_i/matmul_accel_0/inst/gmem2_m_axi_U/bus_write/wreq_burst_conv/rs_req/ap_rst_n
    SLICE_X45Y82         LUT1 (Prop_lut1_I0_O)        0.154     5.793 r  system_i/matmul_accel_0/inst/gmem2_m_axi_U/bus_write/wreq_burst_conv/rs_req/could_multi_bursts.burst_valid_i_1__1/O
                         net (fo=695, routed)         3.742     9.535    system_i/matmul_accel_0/inst/gmem0_m_axi_U/load_unit_0/buff_rdata/ap_rst_n_inv
    SLICE_X32Y70         FDRE                                         r  system_i/matmul_accel_0/inst/gmem0_m_axi_U/load_unit_0/buff_rdata/waddr_reg[3]/R
  -------------------------------------------------------------------    -------------------

                         (clock clk_fpga_0 rise edge)
                                                     10.000    10.000 r  
    PS7_X0Y0             PS7                          0.000    10.000 r  system_i/processing_system7_0/inst/PS7_i/FCLKCLK[0]
                         net (fo=1, routed)           1.088    11.088    system_i/processing_system7_0/inst/FCLK_CLK_unbuffered[0]
    BUFGCTRL_X0Y16       BUFG (Prop_bufg_I_O)         0.091    11.179 r  system_i/processing_system7_0/inst/buffer_fclk_clk_0.FCLK_CLK_0_BUFG/O
                         net (fo=2320, routed)        1.468    12.647    system_i/matmul_accel_0/inst/gmem0_m_axi_U/load_unit_0/buff_rdata/ap_clk
    SLICE_X32Y70         FDRE                                         r  system_i/matmul_accel_0/inst/gmem0_m_axi_U/load_unit_0/buff_rdata/waddr_reg[3]/C
                         clock pessimism              0.229    12.876    
                         clock uncertainty           -0.154    12.722    
    SLICE_X32Y70         FDRE (Setup_fdre_C_R)       -0.727    11.995    system_i/matmul_accel_0/inst/gmem0_m_axi_U/load_unit_0/buff_rdata/waddr_reg[3]
  -------------------------------------------------------------------
                         required time                         11.995    
                         arrival time                          -9.535    
  -------------------------------------------------------------------
                         slack                                  2.460    

Slack (MET) :             2.555ns  (required time - arrival time)
  Source:                 system_i/proc_sys_reset_0/U0/ACTIVE_LOW_PR_OUT_DFF[0].FDRE_PER_N/C
                            (rising edge-triggered cell FDRE clocked by clk_fpga_0  {rise@0.000ns fall@5.000ns period=10.000ns})
  Destination:            system_i/matmul_accel_0/inst/gmem0_m_axi_U/load_unit_0/buff_rdata/waddr_reg[4]/R
                            (rising edge-triggered cell FDRE clocked by clk_fpga_0  {rise@0.000ns fall@5.000ns period=10.000ns})
  Path Group:             clk_fpga_0
  Path Type:              Setup (Max at Slow Process Corner)
  Requirement:            10.000ns  (clk_fpga_0 rise@10.000ns - clk_fpga_0 rise@0.000ns)
  Data Path Delay:        6.599ns  (logic 0.610ns (9.244%)  route 5.989ns (90.756%))
  Logic Levels:           1  (LUT1=1)
  Clock Path Skew:        -0.060ns (DCD - SCD + CPR)
    Destination Clock Delay (DCD):    2.647ns = ( 12.647 - 10.000 ) 
    Source Clock Delay      (SCD):    2.936ns
    Clock Pessimism Removal (CPR):    0.229ns
  Clock Uncertainty:      0.154ns  ((TSJ^2 + TIJ^2)^1/2 + DJ) / 2 + PE
    Total System Jitter     (TSJ):    0.071ns
    Total Input Jitter      (TIJ):    0.300ns
    Discrete Jitter          (DJ):    0.000ns
    Phase Error              (PE):    0.000ns

    Location             Delay type                Incr(ns)  Path(ns)    Netlist Resource(s)
  -------------------------------------------------------------------    -------------------
                         (clock clk_fpga_0 rise edge)
                                                      0.000     0.000 r  
    PS7_X0Y0             PS7                          0.000     0.000 r  system_i/processing_system7_0/inst/PS7_i/FCLKCLK[0]
                         net (fo=1, routed)           1.193     1.193    system_i/processing_system7_0/inst/FCLK_CLK_unbuffered[0]
    BUFGCTRL_X0Y16       BUFG (Prop_bufg_I_O)         0.101     1.294 r  system_i/processing_system7_0/inst/buffer_fclk_clk_0.FCLK_CLK_0_BUFG/O
                         net (fo=2320, routed)        1.642     2.936    system_i/proc_sys_reset_0/U0/slowest_sync_clk
    SLICE_X47Y67         FDRE                                         r  system_i/proc_sys_reset_0/U0/ACTIVE_LOW_PR_OUT_DFF[0].FDRE_PER_N/C
  -------------------------------------------------------------------    -------------------
    SLICE_X47Y67         FDRE (Prop_fdre_C_Q)         0.456     3.392 f  system_i/proc_sys_reset_0/U0/ACTIVE_LOW_PR_OUT_DFF[0].FDRE_PER_N/Q
                         net (fo=40, routed)          2.247     5.639    system_i/matmul_accel_0/inst/gmem2_m_axi_U/bus_write/wreq_burst_conv/rs_req/ap_rst_n
    SLICE_X45Y82         LUT1 (Prop_lut1_I0_O)        0.154     5.793 r  system_i/matmul_accel_0/inst/gmem2_m_axi_U/bus_write/wreq_burst_conv/rs_req/could_multi_bursts.burst_valid_i_1__1/O
                         net (fo=695, routed)         3.742     9.535    system_i/matmul_accel_0/inst/gmem0_m_axi_U/load_unit_0/buff_rdata/ap_rst_n_inv
    SLICE_X33Y70         FDRE                                         r  system_i/matmul_accel_0/inst/gmem0_m_axi_U/load_unit_0/buff_rdata/waddr_reg[4]/R
  -------------------------------------------------------------------    -------------------

                         (clock clk_fpga_0 rise edge)
                                                     10.000    10.000 r  
    PS7_X0Y0             PS7                          0.000    10.000 r  system_i/processing_system7_0/inst/PS7_i/FCLKCLK[0]
                         net (fo=1, routed)           1.088    11.088    system_i/processing_system7_0/inst/FCLK_CLK_unbuffered[0]
    BUFGCTRL_X0Y16       BUFG (Prop_bufg_I_O)         0.091    11.179 r  system_i/processing_system7_0/inst/buffer_fclk_clk_0.FCLK_CLK_0_BUFG/O
                         net (fo=2320, routed)        1.468    12.647    system_i/matmul_accel_0/inst/gmem0_m_axi_U/load_unit_0/buff_rdata/ap_clk
    SLICE_X33Y70         FDRE                                         r  system_i/matmul_accel_0/inst/gmem0_m_axi_U/load_unit_0/buff_rdata/waddr_reg[4]/C
                         clock pessimism              0.229    12.876    
                         clock uncertainty           -0.154    12.722    
    SLICE_X33Y70         FDRE (Setup_fdre_C_R)       -0.632    12.090    system_i/matmul_accel_0/inst/gmem0_m_axi_U/load_unit_0/buff_rdata/waddr_reg[4]
  -------------------------------------------------------------------
                         required time                         12.090    
                         arrival time                          -9.535    
  -------------------------------------------------------------------
                         slack                                  2.555    

Slack (MET) :             2.555ns  (required time - arrival time)
  Source:                 system_i/proc_sys_reset_0/U0/ACTIVE_LOW_PR_OUT_DFF[0].FDRE_PER_N/C
                            (rising edge-triggered cell FDRE clocked by clk_fpga_0  {rise@0.000ns fall@5.000ns period=10.000ns})
  Destination:            system_i/matmul_accel_0/inst/gmem0_m_axi_U/load_unit_0/buff_rdata/waddr_reg[6]/R
                            (rising edge-triggered cell FDRE clocked by clk_fpga_0  {rise@0.000ns fall@5.000ns period=10.000ns})
  Path Group:             clk_fpga_0
  Path Type:              Setup (Max at Slow Process Corner)
  Requirement:            10.000ns  (clk_fpga_0 rise@10.000ns - clk_fpga_0 rise@0.000ns)
  Data Path Delay:        6.599ns  (logic 0.610ns (9.244%)  route 5.989ns (90.756%))
  Logic Levels:           1  (LUT1=1)
  Clock Path Skew:        -0.060ns (DCD - SCD + CPR)
    Destination Clock Delay (DCD):    2.647ns = ( 12.647 - 10.000 ) 
    Source Clock Delay      (SCD):    2.936ns
    Clock Pessimism Removal (CPR):    0.229ns
  Clock Uncertainty:      0.154ns  ((TSJ^2 + TIJ^2)^1/2 + DJ) / 2 + PE
    Total System Jitter     (TSJ):    0.071ns
    Total Input Jitter      (TIJ):    0.300ns
    Discrete Jitter          (DJ):    0.000ns
    Phase Error              (PE):    0.000ns

    Location             Delay type                Incr(ns)  Path(ns)    Netlist Resource(s)
  -------------------------------------------------------------------    -------------------
                         (clock clk_fpga_0 rise edge)
                                                      0.000     0.000 r  
    PS7_X0Y0             PS7                          0.000     0.000 r  system_i/processing_system7_0/inst/PS7_i/FCLKCLK[0]
                         net (fo=1, routed)           1.193     1.193    system_i/processing_system7_0/inst/FCLK_CLK_unbuffered[0]
    BUFGCTRL_X0Y16       BUFG (Prop_bufg_I_O)         0.101     1.294 r  system_i/processing_system7_0/inst/buffer_fclk_clk_0.FCLK_CLK_0_BUFG/O
                         net (fo=2320, routed)        1.642     2.936    system_i/proc_sys_reset_0/U0/slowest_sync_clk
    SLICE_X47Y67         FDRE                                         r  system_i/proc_sys_reset_0/U0/ACTIVE_LOW_PR_OUT_DFF[0].FDRE_PER_N/C
  -------------------------------------------------------------------    -------------------
    SLICE_X47Y67         FDRE (Prop_fdre_C_Q)         0.456     3.392 f  system_i/proc_sys_reset_0/U0/ACTIVE_LOW_PR_OUT_DFF[0].FDRE_PER_N/Q
                         net (fo=40, routed)          2.247     5.639    system_i/matmul_accel_0/inst/gmem2_m_axi_U/bus_write/wreq_burst_conv/rs_req/ap_rst_n
    SLICE_X45Y82         LUT1 (Prop_lut1_I0_O)        0.154     5.793 r  system_i/matmul_accel_0/inst/gmem2_m_axi_U/bus_write/wreq_burst_conv/rs_req/could_multi_bursts.burst_valid_i_1__1/O
                         net (fo=695, routed)         3.742     9.535    system_i/matmul_accel_0/inst/gmem0_m_axi_U/load_unit_0/buff_rdata/ap_rst_n_inv
    SLICE_X33Y70         FDRE                                         r  system_i/matmul_accel_0/inst/gmem0_m_axi_U/load_unit_0/buff_rdata/waddr_reg[6]/R
  -------------------------------------------------------------------    -------------------

                         (clock clk_fpga_0 rise edge)
                                                     10.000    10.000 r  
    PS7_X0Y0             PS7                          0.000    10.000 r  system_i/processing_system7_0/inst/PS7_i/FCLKCLK[0]
                         net (fo=1, routed)           1.088    11.088    system_i/processing_system7_0/inst/FCLK_CLK_unbuffered[0]
    BUFGCTRL_X0Y16       BUFG (Prop_bufg_I_O)         0.091    11.179 r  system_i/processing_system7_0/inst/buffer_fclk_clk_0.FCLK_CLK_0_BUFG/O
                         net (fo=2320, routed)        1.468    12.647    system_i/matmul_accel_0/inst/gmem0_m_axi_U/load_unit_0/buff_rdata/ap_clk
    SLICE_X33Y70         FDRE                                         r  system_i/matmul_accel_0/inst/gmem0_m_axi_U/load_unit_0/buff_rdata/waddr_reg[6]/C
                         clock pessimism              0.229    12.876    
                         clock uncertainty           -0.154    12.722    
    SLICE_X33Y70         FDRE (Setup_fdre_C_R)       -0.632    12.090    system_i/matmul_accel_0/inst/gmem0_m_axi_U/load_unit_0/buff_rdata/waddr_reg[6]
  -------------------------------------------------------------------
                         required time                         12.090    
                         arrival time                          -9.535    
  -------------------------------------------------------------------
                         slack                                  2.555    

Slack (MET) :             2.594ns  (required time - arrival time)
  Source:                 system_i/proc_sys_reset_0/U0/ACTIVE_LOW_PR_OUT_DFF[0].FDRE_PER_N/C
                            (rising edge-triggered cell FDRE clocked by clk_fpga_0  {rise@0.000ns fall@5.000ns period=10.000ns})
  Destination:            system_i/matmul_accel_0/inst/gmem1_m_axi_U/bus_read/rreq_burst_conv/end_from_4k_reg[6]/R
                            (rising edge-triggered cell FDRE clocked by clk_fpga_0  {rise@0.000ns fall@5.000ns period=10.000ns})
  Path Group:             clk_fpga_0
  Path Type:              Setup (Max at Slow Process Corner)
  Requirement:            10.000ns  (clk_fpga_0 rise@10.000ns - clk_fpga_0 rise@0.000ns)
  Data Path Delay:        6.465ns  (logic 0.610ns (9.435%)  route 5.855ns (90.565%))
  Logic Levels:           1  (LUT1=1)
  Clock Path Skew:        -0.060ns (DCD - SCD + CPR)
    Destination Clock Delay (DCD):    2.647ns = ( 12.647 - 10.000 ) 
    Source Clock Delay      (SCD):    2.936ns
    Clock Pessimism Removal (CPR):    0.229ns
  Clock Uncertainty:      0.154ns  ((TSJ^2 + TIJ^2)^1/2 + DJ) / 2 + PE
    Total System Jitter     (TSJ):    0.071ns
    Total Input Jitter      (TIJ):    0.300ns
    Discrete Jitter          (DJ):    0.000ns
    Phase Error              (PE):    0.000ns

    Location             Delay type                Incr(ns)  Path(ns)    Netlist Resource(s)
  -------------------------------------------------------------------    -------------------
                         (clock clk_fpga_0 rise edge)
                                                      0.000     0.000 r  
    PS7_X0Y0             PS7                          0.000     0.000 r  system_i/processing_system7_0/inst/PS7_i/FCLKCLK[0]
                         net (fo=1, routed)           1.193     1.193    system_i/processing_system7_0/inst/FCLK_CLK_unbuffered[0]
    BUFGCTRL_X0Y16       BUFG (Prop_bufg_I_O)         0.101     1.294 r  system_i/processing_system7_0/inst/buffer_fclk_clk_0.FCLK_CLK_0_BUFG/O
                         net (fo=2320, routed)        1.642     2.936    system_i/proc_sys_reset_0/U0/slowest_sync_clk
    SLICE_X47Y67         FDRE                                         r  system_i/proc_sys_reset_0/U0/ACTIVE_LOW_PR_OUT_DFF[0].FDRE_PER_N/C
  -------------------------------------------------------------------    -------------------
    SLICE_X47Y67         FDRE (Prop_fdre_C_Q)         0.456     3.392 f  system_i/proc_sys_reset_0/U0/ACTIVE_LOW_PR_OUT_DFF[0].FDRE_PER_N/Q
                         net (fo=40, routed)          2.247     5.639    system_i/matmul_accel_0/inst/gmem2_m_axi_U/bus_write/wreq_burst_conv/rs_req/ap_rst_n
    SLICE_X45Y82         LUT1 (Prop_lut1_I0_O)        0.154     5.793 r  system_i/matmul_accel_0/inst/gmem2_m_axi_U/bus_write/wreq_burst_conv/rs_req/could_multi_bursts.burst_valid_i_1__1/O
                         net (fo=695, routed)         3.609     9.401    system_i/matmul_accel_0/inst/gmem1_m_axi_U/bus_read/rreq_burst_conv/ap_rst_n_inv
    SLICE_X36Y70         FDRE                                         r  system_i/matmul_accel_0/inst/gmem1_m_axi_U/bus_read/rreq_burst_conv/end_from_4k_reg[6]/R
  -------------------------------------------------------------------    -------------------

                         (clock clk_fpga_0 rise edge)
                                                     10.000    10.000 r  
    PS7_X0Y0             PS7                          0.000    10.000 r  system_i/processing_system7_0/inst/PS7_i/FCLKCLK[0]
                         net (fo=1, routed)           1.088    11.088    system_i/processing_system7_0/inst/FCLK_CLK_unbuffered[0]
    BUFGCTRL_X0Y16       BUFG (Prop_bufg_I_O)         0.091    11.179 r  system_i/processing_system7_0/inst/buffer_fclk_clk_0.FCLK_CLK_0_BUFG/O
                         net (fo=2320, routed)        1.468    12.647    system_i/matmul_accel_0/inst/gmem1_m_axi_U/bus_read/rreq_burst_conv/ap_clk
    SLICE_X36Y70         FDRE                                         r  system_i/matmul_accel_0/inst/gmem1_m_axi_U/bus_read/rreq_burst_conv/end_from_4k_reg[6]/C
                         clock pessimism              0.229    12.876    
                         clock uncertainty           -0.154    12.722    
    SLICE_X36Y70         FDRE (Setup_fdre_C_R)       -0.727    11.995    system_i/matmul_accel_0/inst/gmem1_m_axi_U/bus_read/rreq_burst_conv/end_from_4k_reg[6]
  -------------------------------------------------------------------
                         required time                         11.995    
                         arrival time                          -9.401    
  -------------------------------------------------------------------
                         slack                                  2.594    

Slack (MET) :             2.594ns  (required time - arrival time)
  Source:                 system_i/proc_sys_reset_0/U0/ACTIVE_LOW_PR_OUT_DFF[0].FDRE_PER_N/C
                            (rising edge-triggered cell FDRE clocked by clk_fpga_0  {rise@0.000ns fall@5.000ns period=10.000ns})
  Destination:            system_i/matmul_accel_0/inst/gmem1_m_axi_U/bus_read/rreq_burst_conv/end_from_4k_reg[7]/R
                            (rising edge-triggered cell FDRE clocked by clk_fpga_0  {rise@0.000ns fall@5.000ns period=10.000ns})
  Path Group:             clk_fpga_0
  Path Type:              Setup (Max at Slow Process Corner)
  Requirement:            10.000ns  (clk_fpga_0 rise@10.000ns - clk_fpga_0 rise@0.000ns)
  Data Path Delay:        6.465ns  (logic 0.610ns (9.435%)  route 5.855ns (90.565%))
  Logic Levels:           1  (LUT1=1)
  Clock Path Skew:        -0.060ns (DCD - SCD + CPR)
    Destination Clock Delay (DCD):    2.647ns = ( 12.647 - 10.000 ) 
    Source Clock Delay      (SCD):    2.936ns
    Clock Pessimism Removal (CPR):    0.229ns
  Clock Uncertainty:      0.154ns  ((TSJ^2 + TIJ^2)^1/2 + DJ) / 2 + PE
    Total System Jitter     (TSJ):    0.071ns
    Total Input Jitter      (TIJ):    0.300ns
    Discrete Jitter          (DJ):    0.000ns
    Phase Error              (PE):    0.000ns

    Location             Delay type                Incr(ns)  Path(ns)    Netlist Resource(s)
  -------------------------------------------------------------------    -------------------
                         (clock clk_fpga_0 rise edge)
                                                      0.000     0.000 r  
    PS7_X0Y0             PS7                          0.000     0.000 r  system_i/processing_system7_0/inst/PS7_i/FCLKCLK[0]
                         net (fo=1, routed)           1.193     1.193    system_i/processing_system7_0/inst/FCLK_CLK_unbuffered[0]
    BUFGCTRL_X0Y16       BUFG (Prop_bufg_I_O)         0.101     1.294 r  system_i/processing_system7_0/inst/buffer_fclk_clk_0.FCLK_CLK_0_BUFG/O
                         net (fo=2320, routed)        1.642     2.936    system_i/proc_sys_reset_0/U0/slowest_sync_clk
    SLICE_X47Y67         FDRE                                         r  system_i/proc_sys_reset_0/U0/ACTIVE_LOW_PR_OUT_DFF[0].FDRE_PER_N/C
  -------------------------------------------------------------------    -------------------
    SLICE_X47Y67         FDRE (Prop_fdre_C_Q)         0.456     3.392 f  system_i/proc_sys_reset_0/U0/ACTIVE_LOW_PR_OUT_DFF[0].FDRE_PER_N/Q
                         net (fo=40, routed)          2.247     5.639    system_i/matmul_accel_0/inst/gmem2_m_axi_U/bus_write/wreq_burst_conv/rs_req/ap_rst_n
    SLICE_X45Y82         LUT1 (Prop_lut1_I0_O)        0.154     5.793 r  system_i/matmul_accel_0/inst/gmem2_m_axi_U/bus_write/wreq_burst_conv/rs_req/could_multi_bursts.burst_valid_i_1__1/O
                         net (fo=695, routed)         3.609     9.401    system_i/matmul_accel_0/inst/gmem1_m_axi_U/bus_read/rreq_burst_conv/ap_rst_n_inv
    SLICE_X36Y70         FDRE                                         r  system_i/matmul_accel_0/inst/gmem1_m_axi_U/bus_read/rreq_burst_conv/end_from_4k_reg[7]/R
  -------------------------------------------------------------------    -------------------

                         (clock clk_fpga_0 rise edge)
                                                     10.000    10.000 r  
    PS7_X0Y0             PS7                          0.000    10.000 r  system_i/processing_system7_0/inst/PS7_i/FCLKCLK[0]
                         net (fo=1, routed)           1.088    11.088    system_i/processing_system7_0/inst/FCLK_CLK_unbuffered[0]
    BUFGCTRL_X0Y16       BUFG (Prop_bufg_I_O)         0.091    11.179 r  system_i/processing_system7_0/inst/buffer_fclk_clk_0.FCLK_CLK_0_BUFG/O
                         net (fo=2320, routed)        1.468    12.647    system_i/matmul_accel_0/inst/gmem1_m_axi_U/bus_read/rreq_burst_conv/ap_clk
    SLICE_X36Y70         FDRE                                         r  system_i/matmul_accel_0/inst/gmem1_m_axi_U/bus_read/rreq_burst_conv/end_from_4k_reg[7]/C
                         clock pessimism              0.229    12.876    
                         clock uncertainty           -0.154    12.722    
    SLICE_X36Y70         FDRE (Setup_fdre_C_R)       -0.727    11.995    system_i/matmul_accel_0/inst/gmem1_m_axi_U/bus_read/rreq_burst_conv/end_from_4k_reg[7]
  -------------------------------------------------------------------
                         required time                         11.995    
                         arrival time                          -9.401    
  -------------------------------------------------------------------
                         slack                                  2.594    

Slack (MET) :             2.594ns  (required time - arrival time)
  Source:                 system_i/proc_sys_reset_0/U0/ACTIVE_LOW_PR_OUT_DFF[0].FDRE_PER_N/C
                            (rising edge-triggered cell FDRE clocked by clk_fpga_0  {rise@0.000ns fall@5.000ns period=10.000ns})
  Destination:            system_i/matmul_accel_0/inst/gmem1_m_axi_U/bus_read/rreq_burst_conv/end_from_4k_reg[8]/R
                            (rising edge-triggered cell FDRE clocked by clk_fpga_0  {rise@0.000ns fall@5.000ns period=10.000ns})
  Path Group:             clk_fpga_0
  Path Type:              Setup (Max at Slow Process Corner)
  Requirement:            10.000ns  (clk_fpga_0 rise@10.000ns - clk_fpga_0 rise@0.000ns)
  Data Path Delay:        6.465ns  (logic 0.610ns (9.435%)  route 5.855ns (90.565%))
  Logic Levels:           1  (LUT1=1)
  Clock Path Skew:        -0.060ns (DCD - SCD + CPR)
    Destination Clock Delay (DCD):    2.647ns = ( 12.647 - 10.000 ) 
    Source Clock Delay      (SCD):    2.936ns
    Clock Pessimism Removal (CPR):    0.229ns
  Clock Uncertainty:      0.154ns  ((TSJ^2 + TIJ^2)^1/2 + DJ) / 2 + PE
    Total System Jitter     (TSJ):    0.071ns
    Total Input Jitter      (TIJ):    0.300ns
    Discrete Jitter          (DJ):    0.000ns
    Phase Error              (PE):    0.000ns

    Location             Delay type                Incr(ns)  Path(ns)    Netlist Resource(s)
  -------------------------------------------------------------------    -------------------
                         (clock clk_fpga_0 rise edge)
                                                      0.000     0.000 r  
    PS7_X0Y0             PS7                          0.000     0.000 r  system_i/processing_system7_0/inst/PS7_i/FCLKCLK[0]
                         net (fo=1, routed)           1.193     1.193    system_i/processing_system7_0/inst/FCLK_CLK_unbuffered[0]
    BUFGCTRL_X0Y16       BUFG (Prop_bufg_I_O)         0.101     1.294 r  system_i/processing_system7_0/inst/buffer_fclk_clk_0.FCLK_CLK_0_BUFG/O
                         net (fo=2320, routed)        1.642     2.936    system_i/proc_sys_reset_0/U0/slowest_sync_clk
    SLICE_X47Y67         FDRE                                         r  system_i/proc_sys_reset_0/U0/ACTIVE_LOW_PR_OUT_DFF[0].FDRE_PER_N/C
  -------------------------------------------------------------------    -------------------
    SLICE_X47Y67         FDRE (Prop_fdre_C_Q)         0.456     3.392 f  system_i/proc_sys_reset_0/U0/ACTIVE_LOW_PR_OUT_DFF[0].FDRE_PER_N/Q
                         net (fo=40, routed)          2.247     5.639    system_i/matmul_accel_0/inst/gmem2_m_axi_U/bus_write/wreq_burst_conv/rs_req/ap_rst_n
    SLICE_X45Y82         LUT1 (Prop_lut1_I0_O)        0.154     5.793 r  system_i/matmul_accel_0/inst/gmem2_m_axi_U/bus_write/wreq_burst_conv/rs_req/could_multi_bursts.burst_valid_i_1__1/O
                         net (fo=695, routed)         3.609     9.401    system_i/matmul_accel_0/inst/gmem1_m_axi_U/bus_read/rreq_burst_conv/ap_rst_n_inv
    SLICE_X36Y70         FDRE                                         r  system_i/matmul_accel_0/inst/gmem1_m_axi_U/bus_read/rreq_burst_conv/end_from_4k_reg[8]/R
  -------------------------------------------------------------------    -------------------

                         (clock clk_fpga_0 rise edge)
                                                     10.000    10.000 r  
    PS7_X0Y0             PS7                          0.000    10.000 r  system_i/processing_system7_0/inst/PS7_i/FCLKCLK[0]
                         net (fo=1, routed)           1.088    11.088    system_i/processing_system7_0/inst/FCLK_CLK_unbuffered[0]
    BUFGCTRL_X0Y16       BUFG (Prop_bufg_I_O)         0.091    11.179 r  system_i/processing_system7_0/inst/buffer_fclk_clk_0.FCLK_CLK_0_BUFG/O
                         net (fo=2320, routed)        1.468    12.647    system_i/matmul_accel_0/inst/gmem1_m_axi_U/bus_read/rreq_burst_conv/ap_clk
    SLICE_X36Y70         FDRE                                         r  system_i/matmul_accel_0/inst/gmem1_m_axi_U/bus_read/rreq_burst_conv/end_from_4k_reg[8]/C
                         clock pessimism              0.229    12.876    
                         clock uncertainty           -0.154    12.722    
    SLICE_X36Y70         FDRE (Setup_fdre_C_R)       -0.727    11.995    system_i/matmul_accel_0/inst/gmem1_m_axi_U/bus_read/rreq_burst_conv/end_from_4k_reg[8]
  -------------------------------------------------------------------
                         required time                         11.995    
                         arrival time                          -9.401    
  -------------------------------------------------------------------
                         slack                                  2.594    

Slack (MET) :             2.594ns  (required time - arrival time)
  Source:                 system_i/proc_sys_reset_0/U0/ACTIVE_LOW_PR_OUT_DFF[0].FDRE_PER_N/C
                            (rising edge-triggered cell FDRE clocked by clk_fpga_0  {rise@0.000ns fall@5.000ns period=10.000ns})
  Destination:            system_i/matmul_accel_0/inst/gmem1_m_axi_U/bus_read/rreq_burst_conv/end_from_4k_reg[9]/R
                            (rising edge-triggered cell FDRE clocked by clk_fpga_0  {rise@0.000ns fall@5.000ns period=10.000ns})
  Path Group:             clk_fpga_0
  Path Type:              Setup (Max at Slow Process Corner)
  Requirement:            10.000ns  (clk_fpga_0 rise@10.000ns - clk_fpga_0 rise@0.000ns)
  Data Path Delay:        6.465ns  (logic 0.610ns (9.435%)  route 5.855ns (90.565%))
  Logic Levels:           1  (LUT1=1)
  Clock Path Skew:        -0.060ns (DCD - SCD + CPR)
    Destination Clock Delay (DCD):    2.647ns = ( 12.647 - 10.000 ) 
    Source Clock Delay      (SCD):    2.936ns
    Clock Pessimism Removal (CPR):    0.229ns
  Clock Uncertainty:      0.154ns  ((TSJ^2 + TIJ^2)^1/2 + DJ) / 2 + PE
    Total System Jitter     (TSJ):    0.071ns
    Total Input Jitter      (TIJ):    0.300ns
    Discrete Jitter          (DJ):    0.000ns
    Phase Error              (PE):    0.000ns

    Location             Delay type                Incr(ns)  Path(ns)    Netlist Resource(s)
  -------------------------------------------------------------------    -------------------
                         (clock clk_fpga_0 rise edge)
                                                      0.000     0.000 r  
    PS7_X0Y0             PS7                          0.000     0.000 r  system_i/processing_system7_0/inst/PS7_i/FCLKCLK[0]
                         net (fo=1, routed)           1.193     1.193    system_i/processing_system7_0/inst/FCLK_CLK_unbuffered[0]
    BUFGCTRL_X0Y16       BUFG (Prop_bufg_I_O)         0.101     1.294 r  system_i/processing_system7_0/inst/buffer_fclk_clk_0.FCLK_CLK_0_BUFG/O
                         net (fo=2320, routed)        1.642     2.936    system_i/proc_sys_reset_0/U0/slowest_sync_clk
    SLICE_X47Y67         FDRE                                         r  system_i/proc_sys_reset_0/U0/ACTIVE_LOW_PR_OUT_DFF[0].FDRE_PER_N/C
  -------------------------------------------------------------------    -------------------
    SLICE_X47Y67         FDRE (Prop_fdre_C_Q)         0.456     3.392 f  system_i/proc_sys_reset_0/U0/ACTIVE_LOW_PR_OUT_DFF[0].FDRE_PER_N/Q
                         net (fo=40, routed)          2.247     5.639    system_i/matmul_accel_0/inst/gmem2_m_axi_U/bus_write/wreq_burst_conv/rs_req/ap_rst_n
    SLICE_X45Y82         LUT1 (Prop_lut1_I0_O)        0.154     5.793 r  system_i/matmul_accel_0/inst/gmem2_m_axi_U/bus_write/wreq_burst_conv/rs_req/could_multi_bursts.burst_valid_i_1__1/O
                         net (fo=695, routed)         3.609     9.401    system_i/matmul_accel_0/inst/gmem1_m_axi_U/bus_read/rreq_burst_conv/ap_rst_n_inv
    SLICE_X36Y70         FDRE                                         r  system_i/matmul_accel_0/inst/gmem1_m_axi_U/bus_read/rreq_burst_conv/end_from_4k_reg[9]/R
  -------------------------------------------------------------------    -------------------

                         (clock clk_fpga_0 rise edge)
                                                     10.000    10.000 r  
    PS7_X0Y0             PS7                          0.000    10.000 r  system_i/processing_system7_0/inst/PS7_i/FCLKCLK[0]
                         net (fo=1, routed)           1.088    11.088    system_i/processing_system7_0/inst/FCLK_CLK_unbuffered[0]
    BUFGCTRL_X0Y16       BUFG (Prop_bufg_I_O)         0.091    11.179 r  system_i/processing_system7_0/inst/buffer_fclk_clk_0.FCLK_CLK_0_BUFG/O
                         net (fo=2320, routed)        1.468    12.647    system_i/matmul_accel_0/inst/gmem1_m_axi_U/bus_read/rreq_burst_conv/ap_clk
    SLICE_X36Y70         FDRE                                         r  system_i/matmul_accel_0/inst/gmem1_m_axi_U/bus_read/rreq_burst_conv/end_from_4k_reg[9]/C
                         clock pessimism              0.229    12.876    
                         clock uncertainty           -0.154    12.722    
    SLICE_X36Y70         FDRE (Setup_fdre_C_R)       -0.727    11.995    system_i/matmul_accel_0/inst/gmem1_m_axi_U/bus_read/rreq_burst_conv/end_from_4k_reg[9]
  -------------------------------------------------------------------
                         required time                         11.995    
                         arrival time                          -9.401    
  -------------------------------------------------------------------
                         slack                                  2.594    

Slack (MET) :             2.691ns  (required time - arrival time)
  Source:                 system_i/proc_sys_reset_0/U0/ACTIVE_LOW_PR_OUT_DFF[0].FDRE_PER_N/C
                            (rising edge-triggered cell FDRE clocked by clk_fpga_0  {rise@0.000ns fall@5.000ns period=10.000ns})
  Destination:            system_i/matmul_accel_0/inst/gmem2_m_axi_U/bus_write/wreq_burst_conv/sect_total_reg[10]/R
                            (rising edge-triggered cell FDRE clocked by clk_fpga_0  {rise@0.000ns fall@5.000ns period=10.000ns})
  Path Group:             clk_fpga_0
  Path Type:              Setup (Max at Slow Process Corner)
  Requirement:            10.000ns  (clk_fpga_0 rise@10.000ns - clk_fpga_0 rise@0.000ns)
  Data Path Delay:        6.265ns  (logic 0.610ns (9.736%)  route 5.655ns (90.264%))
  Logic Levels:           1  (LUT1=1)
  Clock Path Skew:        -0.162ns (DCD - SCD + CPR)
    Destination Clock Delay (DCD):    2.645ns = ( 12.645 - 10.000 ) 
    Source Clock Delay      (SCD):    2.936ns
    Clock Pessimism Removal (CPR):    0.129ns
  Clock Uncertainty:      0.154ns  ((TSJ^2 + TIJ^2)^1/2 + DJ) / 2 + PE
    Total System Jitter     (TSJ):    0.071ns
    Total Input Jitter      (TIJ):    0.300ns
    Discrete Jitter          (DJ):    0.000ns
    Phase Error              (PE):    0.000ns

    Location             Delay type                Incr(ns)  Path(ns)    Netlist Resource(s)
  -------------------------------------------------------------------    -------------------
                         (clock clk_fpga_0 rise edge)
                                                      0.000     0.000 r  
    PS7_X0Y0             PS7                          0.000     0.000 r  system_i/processing_system7_0/inst/PS7_i/FCLKCLK[0]
                         net (fo=1, routed)           1.193     1.193    system_i/processing_system7_0/inst/FCLK_CLK_unbuffered[0]
    BUFGCTRL_X0Y16       BUFG (Prop_bufg_I_O)         0.101     1.294 r  system_i/processing_system7_0/inst/buffer_fclk_clk_0.FCLK_CLK_0_BUFG/O
                         net (fo=2320, routed)        1.642     2.936    system_i/proc_sys_reset_0/U0/slowest_sync_clk
    SLICE_X47Y67         FDRE                                         r  system_i/proc_sys_reset_0/U0/ACTIVE_LOW_PR_OUT_DFF[0].FDRE_PER_N/C
  -------------------------------------------------------------------    -------------------
    SLICE_X47Y67         FDRE (Prop_fdre_C_Q)         0.456     3.392 f  system_i/proc_sys_reset_0/U0/ACTIVE_LOW_PR_OUT_DFF[0].FDRE_PER_N/Q
                         net (fo=40, routed)          2.247     5.639    system_i/matmul_accel_0/inst/gmem2_m_axi_U/bus_write/wreq_burst_conv/rs_req/ap_rst_n
    SLICE_X45Y82         LUT1 (Prop_lut1_I0_O)        0.154     5.793 r  system_i/matmul_accel_0/inst/gmem2_m_axi_U/bus_write/wreq_burst_conv/rs_req/could_multi_bursts.burst_valid_i_1__1/O
                         net (fo=695, routed)         3.409     9.201    system_i/matmul_accel_0/inst/gmem2_m_axi_U/bus_write/wreq_burst_conv/SR[0]
    SLICE_X50Y93         FDRE                                         r  system_i/matmul_accel_0/inst/gmem2_m_axi_U/bus_write/wreq_burst_conv/sect_total_reg[10]/R
  -------------------------------------------------------------------    -------------------

                         (clock clk_fpga_0 rise edge)
                                                     10.000    10.000 r  
    PS7_X0Y0             PS7                          0.000    10.000 r  system_i/processing_system7_0/inst/PS7_i/FCLKCLK[0]
                         net (fo=1, routed)           1.088    11.088    system_i/processing_system7_0/inst/FCLK_CLK_unbuffered[0]
    BUFGCTRL_X0Y16       BUFG (Prop_bufg_I_O)         0.091    11.179 r  system_i/processing_system7_0/inst/buffer_fclk_clk_0.FCLK_CLK_0_BUFG/O
                         net (fo=2320, routed)        1.466    12.645    system_i/matmul_accel_0/inst/gmem2_m_axi_U/bus_write/wreq_burst_conv/ap_clk
    SLICE_X50Y93         FDRE                                         r  system_i/matmul_accel_0/inst/gmem2_m_axi_U/bus_write/wreq_burst_conv/sect_total_reg[10]/C
                         clock pessimism              0.129    12.774    
                         clock uncertainty           -0.154    12.620    
    SLICE_X50Y93         FDRE (Setup_fdre_C_R)       -0.727    11.893    system_i/matmul_accel_0/inst/gmem2_m_axi_U/bus_write/wreq_burst_conv/sect_total_reg[10]
  -------------------------------------------------------------------
                         required time                         11.893    
                         arrival time                          -9.201    
  -------------------------------------------------------------------
                         slack                                  2.691    





Min Delay Paths
--------------------------------------------------------------------------------------
Slack (MET) :             0.036ns  (arrival time - required time)
  Source:                 system_i/matmul_accel_0/inst/gmem0_m_axi_U/bus_read/rs_rdata/data_p1_reg[23]/C
                            (rising edge-triggered cell FDRE clocked by clk_fpga_0  {rise@0.000ns fall@5.000ns period=10.000ns})
  Destination:            system_i/matmul_accel_0/inst/gmem0_m_axi_U/load_unit_0/buff_rdata/U_fifo_mem/mem_reg/DIBDI[7]
                            (rising edge-triggered cell RAMB18E1 clocked by clk_fpga_0  {rise@0.000ns fall@5.000ns period=10.000ns})
  Path Group:             clk_fpga_0
  Path Type:              Hold (Min at Fast Process Corner)
  Requirement:            0.000ns  (clk_fpga_0 rise@0.000ns - clk_fpga_0 rise@0.000ns)
  Data Path Delay:        0.248ns  (logic 0.141ns (56.898%)  route 0.107ns (43.102%))
  Logic Levels:           0  
  Clock Path Skew:        0.056ns (DCD - SCD - CPR)
    Destination Clock Delay (DCD):    1.221ns
    Source Clock Delay      (SCD):    0.884ns
    Clock Pessimism Removal (CPR):    0.281ns

    Location             Delay type                Incr(ns)  Path(ns)    Netlist Resource(s)
  -------------------------------------------------------------------    -------------------
                         (clock clk_fpga_0 rise edge)
                                                      0.000     0.000 r  
    PS7_X0Y0             PS7                          0.000     0.000 r  system_i/processing_system7_0/inst/PS7_i/FCLKCLK[0]
                         net (fo=1, routed)           0.310     0.310    system_i/processing_system7_0/inst/FCLK_CLK_unbuffered[0]
    BUFGCTRL_X0Y16       BUFG (Prop_bufg_I_O)         0.026     0.336 r  system_i/processing_system7_0/inst/buffer_fclk_clk_0.FCLK_CLK_0_BUFG/O
                         net (fo=2320, routed)        0.548     0.884    system_i/matmul_accel_0/inst/gmem0_m_axi_U/bus_read/rs_rdata/ap_clk
    SLICE_X33Y72         FDRE                                         r  system_i/matmul_accel_0/inst/gmem0_m_axi_U/bus_read/rs_rdata/data_p1_reg[23]/C
  -------------------------------------------------------------------    -------------------
    SLICE_X33Y72         FDRE (Prop_fdre_C_Q)         0.141     1.025 r  system_i/matmul_accel_0/inst/gmem0_m_axi_U/bus_read/rs_rdata/data_p1_reg[23]/Q
                         net (fo=1, routed)           0.107     1.131    system_i/matmul_accel_0/inst/gmem0_m_axi_U/load_unit_0/buff_rdata/U_fifo_mem/din[23]
    RAMB18_X2Y28         RAMB18E1                                     r  system_i/matmul_accel_0/inst/gmem0_m_axi_U/load_unit_0/buff_rdata/U_fifo_mem/mem_reg/DIBDI[7]
  -------------------------------------------------------------------    -------------------

                         (clock clk_fpga_0 rise edge)
                                                      0.000     0.000 r  
    PS7_X0Y0             PS7                          0.000     0.000 r  system_i/processing_system7_0/inst/PS7_i/FCLKCLK[0]
                         net (fo=1, routed)           0.337     0.337    system_i/processing_system7_0/inst/FCLK_CLK_unbuffered[0]
    BUFGCTRL_X0Y16       BUFG (Prop_bufg_I_O)         0.029     0.366 r  system_i/processing_system7_0/inst/buffer_fclk_clk_0.FCLK_CLK_0_BUFG/O
                         net (fo=2320, routed)        0.855     1.221    system_i/matmul_accel_0/inst/gmem0_m_axi_U/load_unit_0/buff_rdata/U_fifo_mem/ap_clk
    RAMB18_X2Y28         RAMB18E1                                     r  system_i/matmul_accel_0/inst/gmem0_m_axi_U/load_unit_0/buff_rdata/U_fifo_mem/mem_reg/CLKBWRCLK
                         clock pessimism             -0.281     0.940    
    RAMB18_X2Y28         RAMB18E1 (Hold_ramb18e1_CLKBWRCLK_DIBDI[7])
                                                      0.155     1.095    system_i/matmul_accel_0/inst/gmem0_m_axi_U/load_unit_0/buff_rdata/U_fifo_mem/mem_reg
  -------------------------------------------------------------------
                         required time                         -1.095    
                         arrival time                           1.131    
  -------------------------------------------------------------------
                         slack                                  0.036    

Slack (MET) :             0.057ns  (arrival time - required time)
  Source:                 system_i/matmul_accel_0/inst/gmem1_m_axi_U/bus_read/rs_rdata/data_p1_reg[2]/C
                            (rising edge-triggered cell FDRE clocked by clk_fpga_0  {rise@0.000ns fall@5.000ns period=10.000ns})
  Destination:            system_i/matmul_accel_0/inst/gmem1_m_axi_U/load_unit_0/buff_rdata/U_fifo_mem/mem_reg/DIADI[2]
                            (rising edge-triggered cell RAMB18E1 clocked by clk_fpga_0  {rise@0.000ns fall@5.000ns period=10.000ns})
  Path Group:             clk_fpga_0
  Path Type:              Hold (Min at Fast Process Corner)
  Requirement:            0.000ns  (clk_fpga_0 rise@0.000ns - clk_fpga_0 rise@0.000ns)
  Data Path Delay:        0.270ns  (logic 0.164ns (60.728%)  route 0.106ns (39.272%))
  Logic Levels:           0  
  Clock Path Skew:        0.058ns (DCD - SCD - CPR)
    Destination Clock Delay (DCD):    1.231ns
    Source Clock Delay      (SCD):    0.892ns
    Clock Pessimism Removal (CPR):    0.281ns

    Location             Delay type                Incr(ns)  Path(ns)    Netlist Resource(s)
  -------------------------------------------------------------------    -------------------
                         (clock clk_fpga_0 rise edge)
                                                      0.000     0.000 r  
    PS7_X0Y0             PS7                          0.000     0.000 r  system_i/processing_system7_0/inst/PS7_i/FCLKCLK[0]
                         net (fo=1, routed)           0.310     0.310    system_i/processing_system7_0/inst/FCLK_CLK_unbuffered[0]
    BUFGCTRL_X0Y16       BUFG (Prop_bufg_I_O)         0.026     0.336 r  system_i/processing_system7_0/inst/buffer_fclk_clk_0.FCLK_CLK_0_BUFG/O
                         net (fo=2320, routed)        0.556     0.892    system_i/matmul_accel_0/inst/gmem1_m_axi_U/bus_read/rs_rdata/ap_clk
    SLICE_X32Y61         FDRE                                         r  system_i/matmul_accel_0/inst/gmem1_m_axi_U/bus_read/rs_rdata/data_p1_reg[2]/C
  -------------------------------------------------------------------    -------------------
    SLICE_X32Y61         FDRE (Prop_fdre_C_Q)         0.164     1.056 r  system_i/matmul_accel_0/inst/gmem1_m_axi_U/bus_read/rs_rdata/data_p1_reg[2]/Q
                         net (fo=1, routed)           0.106     1.162    system_i/matmul_accel_0/inst/gmem1_m_axi_U/load_unit_0/buff_rdata/U_fifo_mem/din[2]
    RAMB18_X2Y24         RAMB18E1                                     r  system_i/matmul_accel_0/inst/gmem1_m_axi_U/load_unit_0/buff_rdata/U_fifo_mem/mem_reg/DIADI[2]
  -------------------------------------------------------------------    -------------------

                         (clock clk_fpga_0 rise edge)
                                                      0.000     0.000 r  
    PS7_X0Y0             PS7                          0.000     0.000 r  system_i/processing_system7_0/inst/PS7_i/FCLKCLK[0]
                         net (fo=1, routed)           0.337     0.337    system_i/processing_system7_0/inst/FCLK_CLK_unbuffered[0]
    BUFGCTRL_X0Y16       BUFG (Prop_bufg_I_O)         0.029     0.366 r  system_i/processing_system7_0/inst/buffer_fclk_clk_0.FCLK_CLK_0_BUFG/O
                         net (fo=2320, routed)        0.865     1.231    system_i/matmul_accel_0/inst/gmem1_m_axi_U/load_unit_0/buff_rdata/U_fifo_mem/ap_clk
    RAMB18_X2Y24         RAMB18E1                                     r  system_i/matmul_accel_0/inst/gmem1_m_axi_U/load_unit_0/buff_rdata/U_fifo_mem/mem_reg/CLKBWRCLK
                         clock pessimism             -0.281     0.950    
    RAMB18_X2Y24         RAMB18E1 (Hold_ramb18e1_CLKBWRCLK_DIADI[2])
                                                      0.155     1.105    system_i/matmul_accel_0/inst/gmem1_m_axi_U/load_unit_0/buff_rdata/U_fifo_mem/mem_reg
  -------------------------------------------------------------------
                         required time                         -1.105    
                         arrival time                           1.162    
  -------------------------------------------------------------------
                         slack                                  0.057    

Slack (MET) :             0.069ns  (arrival time - required time)
  Source:                 system_i/matmul_accel_0/inst/gmem2_m_axi_U/bus_write/wreq_burst_conv/rs_req/data_p1_reg[91]/C
                            (rising edge-triggered cell FDRE clocked by clk_fpga_0  {rise@0.000ns fall@5.000ns period=10.000ns})
  Destination:            system_i/matmul_accel_0/inst/gmem2_m_axi_U/bus_write/wreq_burst_conv/sect_total_reg[15]/D
                            (rising edge-triggered cell FDRE clocked by clk_fpga_0  {rise@0.000ns fall@5.000ns period=10.000ns})
  Path Group:             clk_fpga_0
  Path Type:              Hold (Min at Fast Process Corner)
  Requirement:            0.000ns  (clk_fpga_0 rise@0.000ns - clk_fpga_0 rise@0.000ns)
  Data Path Delay:        0.463ns  (logic 0.252ns (54.380%)  route 0.211ns (45.620%))
  Logic Levels:           1  (CARRY4=1)
  Clock Path Skew:        0.260ns (DCD - SCD - CPR)
    Destination Clock Delay (DCD):    1.186ns
    Source Clock Delay      (SCD):    0.891ns
    Clock Pessimism Removal (CPR):    0.035ns

    Location             Delay type                Incr(ns)  Path(ns)    Netlist Resource(s)
  -------------------------------------------------------------------    -------------------
                         (clock clk_fpga_0 rise edge)
                                                      0.000     0.000 r  
    PS7_X0Y0             PS7                          0.000     0.000 r  system_i/processing_system7_0/inst/PS7_i/FCLKCLK[0]
                         net (fo=1, routed)           0.310     0.310    system_i/processing_system7_0/inst/FCLK_CLK_unbuffered[0]
    BUFGCTRL_X0Y16       BUFG (Prop_bufg_I_O)         0.026     0.336 r  system_i/processing_system7_0/inst/buffer_fclk_clk_0.FCLK_CLK_0_BUFG/O
                         net (fo=2320, routed)        0.555     0.891    system_i/matmul_accel_0/inst/gmem2_m_axi_U/bus_write/wreq_burst_conv/rs_req/ap_clk
    SLICE_X48Y94         FDRE                                         r  system_i/matmul_accel_0/inst/gmem2_m_axi_U/bus_write/wreq_burst_conv/rs_req/data_p1_reg[91]/C
  -------------------------------------------------------------------    -------------------
    SLICE_X48Y94         FDRE (Prop_fdre_C_Q)         0.141     1.032 r  system_i/matmul_accel_0/inst/gmem2_m_axi_U/bus_write/wreq_burst_conv/rs_req/data_p1_reg[91]/Q
                         net (fo=1, routed)           0.211     1.243    system_i/matmul_accel_0/inst/gmem2_m_axi_U/bus_write/wreq_burst_conv/rs_req/p_1_in[27]
    SLICE_X50Y94         CARRY4 (Prop_carry4_S[1]_O[1])
                                                      0.111     1.354 r  system_i/matmul_accel_0/inst/gmem2_m_axi_U/bus_write/wreq_burst_conv/rs_req/sect_total_reg[17]_i_1/O[1]
                         net (fo=1, routed)           0.000     1.354    system_i/matmul_accel_0/inst/gmem2_m_axi_U/bus_write/wreq_burst_conv/sect_total1[27]
    SLICE_X50Y94         FDRE                                         r  system_i/matmul_accel_0/inst/gmem2_m_axi_U/bus_write/wreq_burst_conv/sect_total_reg[15]/D
  -------------------------------------------------------------------    -------------------

                         (clock clk_fpga_0 rise edge)
                                                      0.000     0.000 r  
    PS7_X0Y0             PS7                          0.000     0.000 r  system_i/processing_system7_0/inst/PS7_i/FCLKCLK[0]
                         net (fo=1, routed)           0.337     0.337    system_i/processing_system7_0/inst/FCLK_CLK_unbuffered[0]
    BUFGCTRL_X0Y16       BUFG (Prop_bufg_I_O)         0.029     0.366 r  system_i/processing_system7_0/inst/buffer_fclk_clk_0.FCLK_CLK_0_BUFG/O
                         net (fo=2320, routed)        0.820     1.186    system_i/matmul_accel_0/inst/gmem2_m_axi_U/bus_write/wreq_burst_conv/ap_clk
    SLICE_X50Y94         FDRE                                         r  system_i/matmul_accel_0/inst/gmem2_m_axi_U/bus_write/wreq_burst_conv/sect_total_reg[15]/C
                         clock pessimism             -0.035     1.151    
    SLICE_X50Y94         FDRE (Hold_fdre_C_D)         0.134     1.285    system_i/matmul_accel_0/inst/gmem2_m_axi_U/bus_write/wreq_burst_conv/sect_total_reg[15]
  -------------------------------------------------------------------
                         required time                         -1.285    
                         arrival time                           1.354    
  -------------------------------------------------------------------
                         slack                                  0.069    

Slack (MET) :             0.097ns  (arrival time - required time)
  Source:                 system_i/matmul_accel_0/inst/gmem0_m_axi_U/bus_read/rs_rdata/data_p1_reg[7]/C
                            (rising edge-triggered cell FDRE clocked by clk_fpga_0  {rise@0.000ns fall@5.000ns period=10.000ns})
  Destination:            system_i/matmul_accel_0/inst/gmem0_m_axi_U/load_unit_0/buff_rdata/U_fifo_mem/mem_reg/DIADI[7]
                            (rising edge-triggered cell RAMB18E1 clocked by clk_fpga_0  {rise@0.000ns fall@5.000ns period=10.000ns})
  Path Group:             clk_fpga_0
  Path Type:              Hold (Min at Fast Process Corner)
  Requirement:            0.000ns  (clk_fpga_0 rise@0.000ns - clk_fpga_0 rise@0.000ns)
  Data Path Delay:        0.308ns  (logic 0.141ns (45.760%)  route 0.167ns (54.240%))
  Logic Levels:           0  
  Clock Path Skew:        0.056ns (DCD - SCD - CPR)
    Destination Clock Delay (DCD):    1.221ns
    Source Clock Delay      (SCD):    0.884ns
    Clock Pessimism Removal (CPR):    0.281ns

    Location             Delay type                Incr(ns)  Path(ns)    Netlist Resource(s)
  -------------------------------------------------------------------    -------------------
                         (clock clk_fpga_0 rise edge)
                                                      0.000     0.000 r  
    PS7_X0Y0             PS7                          0.000     0.000 r  system_i/processing_system7_0/inst/PS7_i/FCLKCLK[0]
                         net (fo=1, routed)           0.310     0.310    system_i/processing_system7_0/inst/FCLK_CLK_unbuffered[0]
    BUFGCTRL_X0Y16       BUFG (Prop_bufg_I_O)         0.026     0.336 r  system_i/processing_system7_0/inst/buffer_fclk_clk_0.FCLK_CLK_0_BUFG/O
                         net (fo=2320, routed)        0.548     0.884    system_i/matmul_accel_0/inst/gmem0_m_axi_U/bus_read/rs_rdata/ap_clk
    SLICE_X33Y72         FDRE                                         r  system_i/matmul_accel_0/inst/gmem0_m_axi_U/bus_read/rs_rdata/data_p1_reg[7]/C
  -------------------------------------------------------------------    -------------------
    SLICE_X33Y72         FDRE (Prop_fdre_C_Q)         0.141     1.025 r  system_i/matmul_accel_0/inst/gmem0_m_axi_U/bus_read/rs_rdata/data_p1_reg[7]/Q
                         net (fo=1, routed)           0.167     1.192    system_i/matmul_accel_0/inst/gmem0_m_axi_U/load_unit_0/buff_rdata/U_fifo_mem/din[7]
    RAMB18_X2Y28         RAMB18E1                                     r  system_i/matmul_accel_0/inst/gmem0_m_axi_U/load_unit_0/buff_rdata/U_fifo_mem/mem_reg/DIADI[7]
  -------------------------------------------------------------------    -------------------

                         (clock clk_fpga_0 rise edge)
                                                      0.000     0.000 r  
    PS7_X0Y0             PS7                          0.000     0.000 r  system_i/processing_system7_0/inst/PS7_i/FCLKCLK[0]
                         net (fo=1, routed)           0.337     0.337    system_i/processing_system7_0/inst/FCLK_CLK_unbuffered[0]
    BUFGCTRL_X0Y16       BUFG (Prop_bufg_I_O)         0.029     0.366 r  system_i/processing_system7_0/inst/buffer_fclk_clk_0.FCLK_CLK_0_BUFG/O
                         net (fo=2320, routed)        0.855     1.221    system_i/matmul_accel_0/inst/gmem0_m_axi_U/load_unit_0/buff_rdata/U_fifo_mem/ap_clk
    RAMB18_X2Y28         RAMB18E1                                     r  system_i/matmul_accel_0/inst/gmem0_m_axi_U/load_unit_0/buff_rdata/U_fifo_mem/mem_reg/CLKBWRCLK
                         clock pessimism             -0.281     0.940    
    RAMB18_X2Y28         RAMB18E1 (Hold_ramb18e1_CLKBWRCLK_DIADI[7])
                                                      0.155     1.095    system_i/matmul_accel_0/inst/gmem0_m_axi_U/load_unit_0/buff_rdata/U_fifo_mem/mem_reg
  -------------------------------------------------------------------
                         required time                         -1.095    
                         arrival time                           1.192    
  -------------------------------------------------------------------
                         slack                                  0.097    

Slack (MET) :             0.097ns  (arrival time - required time)
  Source:                 system_i/matmul_accel_0/inst/grp_matmul_accel_Pipeline_VITIS_LOOP_15_1_fu_203/gmem1_addr_reg_294_reg[7]/C
                            (rising edge-triggered cell FDRE clocked by clk_fpga_0  {rise@0.000ns fall@5.000ns period=10.000ns})
  Destination:            system_i/matmul_accel_0/inst/gmem1_m_axi_U/load_unit_0/fifo_rreq/U_fifo_srl/mem_reg[5][7]_srl6/D
                            (rising edge-triggered cell SRL16E clocked by clk_fpga_0  {rise@0.000ns fall@5.000ns period=10.000ns})
  Path Group:             clk_fpga_0
  Path Type:              Hold (Min at Fast Process Corner)
  Requirement:            0.000ns  (clk_fpga_0 rise@0.000ns - clk_fpga_0 rise@0.000ns)
  Data Path Delay:        0.313ns  (logic 0.141ns (45.032%)  route 0.172ns (54.968%))
  Logic Levels:           0  
  Clock Path Skew:        0.033ns (DCD - SCD - CPR)
    Destination Clock Delay (DCD):    1.179ns
    Source Clock Delay      (SCD):    0.882ns
    Clock Pessimism Removal (CPR):    0.264ns

    Location             Delay type                Incr(ns)  Path(ns)    Netlist Resource(s)
  -------------------------------------------------------------------    -------------------
                         (clock clk_fpga_0 rise edge)
                                                      0.000     0.000 r  
    PS7_X0Y0             PS7                          0.000     0.000 r  system_i/processing_system7_0/inst/PS7_i/FCLKCLK[0]
                         net (fo=1, routed)           0.310     0.310    system_i/processing_system7_0/inst/FCLK_CLK_unbuffered[0]
    BUFGCTRL_X0Y16       BUFG (Prop_bufg_I_O)         0.026     0.336 r  system_i/processing_system7_0/inst/buffer_fclk_clk_0.FCLK_CLK_0_BUFG/O
                         net (fo=2320, routed)        0.546     0.882    system_i/matmul_accel_0/inst/grp_matmul_accel_Pipeline_VITIS_LOOP_15_1_fu_203/ap_clk
    SLICE_X47Y71         FDRE                                         r  system_i/matmul_accel_0/inst/grp_matmul_accel_Pipeline_VITIS_LOOP_15_1_fu_203/gmem1_addr_reg_294_reg[7]/C
  -------------------------------------------------------------------    -------------------
    SLICE_X47Y71         FDRE (Prop_fdre_C_Q)         0.141     1.023 r  system_i/matmul_accel_0/inst/grp_matmul_accel_Pipeline_VITIS_LOOP_15_1_fu_203/gmem1_addr_reg_294_reg[7]/Q
                         net (fo=1, routed)           0.172     1.195    system_i/matmul_accel_0/inst/gmem1_m_axi_U/load_unit_0/fifo_rreq/U_fifo_srl/dout_reg[63]_1[7]
    SLICE_X42Y70         SRL16E                                       r  system_i/matmul_accel_0/inst/gmem1_m_axi_U/load_unit_0/fifo_rreq/U_fifo_srl/mem_reg[5][7]_srl6/D
  -------------------------------------------------------------------    -------------------

                         (clock clk_fpga_0 rise edge)
                                                      0.000     0.000 r  
    PS7_X0Y0             PS7                          0.000     0.000 r  system_i/processing_system7_0/inst/PS7_i/FCLKCLK[0]
                         net (fo=1, routed)           0.337     0.337    system_i/processing_system7_0/inst/FCLK_CLK_unbuffered[0]
    BUFGCTRL_X0Y16       BUFG (Prop_bufg_I_O)         0.029     0.366 r  system_i/processing_system7_0/inst/buffer_fclk_clk_0.FCLK_CLK_0_BUFG/O
                         net (fo=2320, routed)        0.813     1.179    system_i/matmul_accel_0/inst/gmem1_m_axi_U/load_unit_0/fifo_rreq/U_fifo_srl/ap_clk
    SLICE_X42Y70         SRL16E                                       r  system_i/matmul_accel_0/inst/gmem1_m_axi_U/load_unit_0/fifo_rreq/U_fifo_srl/mem_reg[5][7]_srl6/CLK
                         clock pessimism             -0.264     0.915    
    SLICE_X42Y70         SRL16E (Hold_srl16e_CLK_D)
                                                      0.183     1.098    system_i/matmul_accel_0/inst/gmem1_m_axi_U/load_unit_0/fifo_rreq/U_fifo_srl/mem_reg[5][7]_srl6
  -------------------------------------------------------------------
                         required time                         -1.098    
                         arrival time                           1.195    
  -------------------------------------------------------------------
                         slack                                  0.097    

Slack (MET) :             0.098ns  (arrival time - required time)
  Source:                 <hidden>
                            (rising edge-triggered cell FDCE clocked by clk_fpga_0  {rise@0.000ns fall@5.000ns period=10.000ns})
  Destination:            <hidden>
                            (rising edge-triggered cell FDRE clocked by clk_fpga_0  {rise@0.000ns fall@5.000ns period=10.000ns})
  Path Group:             clk_fpga_0
  Path Type:              Hold (Min at Fast Process Corner)
  Requirement:            0.000ns  (clk_fpga_0 rise@0.000ns - clk_fpga_0 rise@0.000ns)
  Data Path Delay:        0.399ns  (logic 0.247ns (61.957%)  route 0.152ns (38.043%))
  Logic Levels:           1  (LUT1=1)
  Clock Path Skew:        0.181ns (DCD - SCD - CPR)
    Destination Clock Delay (DCD):    1.191ns
    Source Clock Delay      (SCD):    0.975ns
    Clock Pessimism Removal (CPR):    0.035ns

    Location             Delay type                Incr(ns)  Path(ns)    Netlist Resource(s)
  -------------------------------------------------------------------    -------------------
                         (clock clk_fpga_0 rise edge)
                                                      0.000     0.000 r  
    PS7_X0Y0             PS7                          0.000     0.000 r  system_i/processing_system7_0/inst/PS7_i/FCLKCLK[0]
                         net (fo=1, routed)           0.310     0.310    system_i/processing_system7_0/inst/FCLK_CLK_unbuffered[0]
    BUFGCTRL_X0Y16       BUFG (Prop_bufg_I_O)         0.026     0.336 r  system_i/processing_system7_0/inst/buffer_fclk_clk_0.FCLK_CLK_0_BUFG/O
                         net (fo=2320, routed)        0.639     0.975    <hidden>
    SLICE_X42Y100        FDCE                                         r  <hidden>
  -------------------------------------------------------------------    -------------------
    SLICE_X42Y100        FDCE (Prop_fdce_C_Q)         0.148     1.123 f  <hidden>
                         net (fo=1, routed)           0.152     1.275    <hidden>
    SLICE_X42Y99         LUT1 (Prop_lut1_I0_O)        0.099     1.374 r  <hidden>
                         net (fo=1, routed)           0.000     1.374    <hidden>
    SLICE_X42Y99         FDRE                                         r  <hidden>
  -------------------------------------------------------------------    -------------------

                         (clock clk_fpga_0 rise edge)
                                                      0.000     0.000 r  
    PS7_X0Y0             PS7                          0.000     0.000 r  system_i/processing_system7_0/inst/PS7_i/FCLKCLK[0]
                         net (fo=1, routed)           0.337     0.337    system_i/processing_system7_0/inst/FCLK_CLK_unbuffered[0]
    BUFGCTRL_X0Y16       BUFG (Prop_bufg_I_O)         0.029     0.366 r  system_i/processing_system7_0/inst/buffer_fclk_clk_0.FCLK_CLK_0_BUFG/O
                         net (fo=2320, routed)        0.825     1.191    <hidden>
    SLICE_X42Y99         FDRE                                         r  <hidden>
                         clock pessimism             -0.035     1.156    
    SLICE_X42Y99         FDRE (Hold_fdre_C_D)         0.120     1.276    <hidden>
  -------------------------------------------------------------------
                         required time                         -1.276    
                         arrival time                           1.374    
  -------------------------------------------------------------------
                         slack                                  0.098    

Slack (MET) :             0.104ns  (arrival time - required time)
  Source:                 system_i/matmul_accel_0/inst/gmem2_m_axi_U/bus_write/wreq_burst_conv/sect_total_reg[17]/C
                            (rising edge-triggered cell FDRE clocked by clk_fpga_0  {rise@0.000ns fall@5.000ns period=10.000ns})
  Destination:            system_i/matmul_accel_0/inst/gmem2_m_axi_U/bus_write/wreq_burst_conv/sect_total_buf_reg[17]/D
                            (rising edge-triggered cell FDRE clocked by clk_fpga_0  {rise@0.000ns fall@5.000ns period=10.000ns})
  Path Group:             clk_fpga_0
  Path Type:              Hold (Min at Fast Process Corner)
  Requirement:            0.000ns  (clk_fpga_0 rise@0.000ns - clk_fpga_0 rise@0.000ns)
  Data Path Delay:        0.476ns  (logic 0.274ns (57.525%)  route 0.202ns (42.475%))
  Logic Levels:           2  (CARRY4=1 LUT3=1)
  Clock Path Skew:        0.267ns (DCD - SCD - CPR)
    Destination Clock Delay (DCD):    1.190ns
    Source Clock Delay      (SCD):    0.888ns
    Clock Pessimism Removal (CPR):    0.035ns

    Location             Delay type                Incr(ns)  Path(ns)    Netlist Resource(s)
  -------------------------------------------------------------------    -------------------
                         (clock clk_fpga_0 rise edge)
                                                      0.000     0.000 r  
    PS7_X0Y0             PS7                          0.000     0.000 r  system_i/processing_system7_0/inst/PS7_i/FCLKCLK[0]
                         net (fo=1, routed)           0.310     0.310    system_i/processing_system7_0/inst/FCLK_CLK_unbuffered[0]
    BUFGCTRL_X0Y16       BUFG (Prop_bufg_I_O)         0.026     0.336 r  system_i/processing_system7_0/inst/buffer_fclk_clk_0.FCLK_CLK_0_BUFG/O
                         net (fo=2320, routed)        0.552     0.888    system_i/matmul_accel_0/inst/gmem2_m_axi_U/bus_write/wreq_burst_conv/ap_clk
    SLICE_X50Y94         FDRE                                         r  system_i/matmul_accel_0/inst/gmem2_m_axi_U/bus_write/wreq_burst_conv/sect_total_reg[17]/C
  -------------------------------------------------------------------    -------------------
    SLICE_X50Y94         FDRE (Prop_fdre_C_Q)         0.164     1.052 f  system_i/matmul_accel_0/inst/gmem2_m_axi_U/bus_write/wreq_burst_conv/sect_total_reg[17]/Q
                         net (fo=3, routed)           0.202     1.254    system_i/matmul_accel_0/inst/gmem2_m_axi_U/bus_write/wreq_burst_conv/sect_total[17]
    SLICE_X49Y95         LUT3 (Prop_lut3_I0_O)        0.045     1.299 r  system_i/matmul_accel_0/inst/gmem2_m_axi_U/bus_write/wreq_burst_conv/sect_total_buf[16]_i_4__1/O
                         net (fo=1, routed)           0.000     1.299    system_i/matmul_accel_0/inst/gmem2_m_axi_U/bus_write/wreq_burst_conv/sect_total_buf[16]_i_4__1_n_0
    SLICE_X49Y95         CARRY4 (Prop_carry4_S[1]_O[1])
                                                      0.065     1.364 r  system_i/matmul_accel_0/inst/gmem2_m_axi_U/bus_write/wreq_burst_conv/sect_total_buf_reg[16]_i_1__1/O[1]
                         net (fo=1, routed)           0.000     1.364    system_i/matmul_accel_0/inst/gmem2_m_axi_U/bus_write/wreq_burst_conv/sect_total_buf_reg[16]_i_1__1_n_6
    SLICE_X49Y95         FDRE                                         r  system_i/matmul_accel_0/inst/gmem2_m_axi_U/bus_write/wreq_burst_conv/sect_total_buf_reg[17]/D
  -------------------------------------------------------------------    -------------------

                         (clock clk_fpga_0 rise edge)
                                                      0.000     0.000 r  
    PS7_X0Y0             PS7                          0.000     0.000 r  system_i/processing_system7_0/inst/PS7_i/FCLKCLK[0]
                         net (fo=1, routed)           0.337     0.337    system_i/processing_system7_0/inst/FCLK_CLK_unbuffered[0]
    BUFGCTRL_X0Y16       BUFG (Prop_bufg_I_O)         0.029     0.366 r  system_i/processing_system7_0/inst/buffer_fclk_clk_0.FCLK_CLK_0_BUFG/O
                         net (fo=2320, routed)        0.824     1.190    system_i/matmul_accel_0/inst/gmem2_m_axi_U/bus_write/wreq_burst_conv/ap_clk
    SLICE_X49Y95         FDRE                                         r  system_i/matmul_accel_0/inst/gmem2_m_axi_U/bus_write/wreq_burst_conv/sect_total_buf_reg[17]/C
                         clock pessimism             -0.035     1.155    
    SLICE_X49Y95         FDRE (Hold_fdre_C_D)         0.105     1.260    system_i/matmul_accel_0/inst/gmem2_m_axi_U/bus_write/wreq_burst_conv/sect_total_buf_reg[17]
  -------------------------------------------------------------------
                         required time                         -1.260    
                         arrival time                           1.364    
  -------------------------------------------------------------------
                         slack                                  0.104    

Slack (MET) :             0.104ns  (arrival time - required time)
  Source:                 system_i/matmul_accel_0/inst/gmem0_m_axi_U/bus_read/rreq_burst_conv/rs_req/data_p2_reg[8]/C
                            (rising edge-triggered cell FDRE clocked by clk_fpga_0  {rise@0.000ns fall@5.000ns period=10.000ns})
  Destination:            system_i/matmul_accel_0/inst/gmem0_m_axi_U/bus_read/rreq_burst_conv/rs_req/data_p1_reg[8]/D
                            (rising edge-triggered cell FDRE clocked by clk_fpga_0  {rise@0.000ns fall@5.000ns period=10.000ns})
  Path Group:             clk_fpga_0
  Path Type:              Hold (Min at Fast Process Corner)
  Requirement:            0.000ns  (clk_fpga_0 rise@0.000ns - clk_fpga_0 rise@0.000ns)
  Data Path Delay:        0.238ns  (logic 0.186ns (78.117%)  route 0.052ns (21.883%))
  Logic Levels:           1  (LUT4=1)
  Clock Path Skew:        0.013ns (DCD - SCD - CPR)
    Destination Clock Delay (DCD):    1.179ns
    Source Clock Delay      (SCD):    0.883ns
    Clock Pessimism Removal (CPR):    0.283ns

    Location             Delay type                Incr(ns)  Path(ns)    Netlist Resource(s)
  -------------------------------------------------------------------    -------------------
                         (clock clk_fpga_0 rise edge)
                                                      0.000     0.000 r  
    PS7_X0Y0             PS7                          0.000     0.000 r  system_i/processing_system7_0/inst/PS7_i/FCLKCLK[0]
                         net (fo=1, routed)           0.310     0.310    system_i/processing_system7_0/inst/FCLK_CLK_unbuffered[0]
    BUFGCTRL_X0Y16       BUFG (Prop_bufg_I_O)         0.026     0.336 r  system_i/processing_system7_0/inst/buffer_fclk_clk_0.FCLK_CLK_0_BUFG/O
                         net (fo=2320, routed)        0.547     0.883    system_i/matmul_accel_0/inst/gmem0_m_axi_U/bus_read/rreq_burst_conv/rs_req/ap_clk
    SLICE_X39Y79         FDRE                                         r  system_i/matmul_accel_0/inst/gmem0_m_axi_U/bus_read/rreq_burst_conv/rs_req/data_p2_reg[8]/C
  -------------------------------------------------------------------    -------------------
    SLICE_X39Y79         FDRE (Prop_fdre_C_Q)         0.141     1.024 r  system_i/matmul_accel_0/inst/gmem0_m_axi_U/bus_read/rreq_burst_conv/rs_req/data_p2_reg[8]/Q
                         net (fo=1, routed)           0.052     1.076    system_i/matmul_accel_0/inst/gmem0_m_axi_U/bus_read/rreq_burst_conv/rs_req/data_p2_reg_n_0_[8]
    SLICE_X38Y79         LUT4 (Prop_lut4_I0_O)        0.045     1.121 r  system_i/matmul_accel_0/inst/gmem0_m_axi_U/bus_read/rreq_burst_conv/rs_req/data_p1[8]_i_1__0/O
                         net (fo=1, routed)           0.000     1.121    system_i/matmul_accel_0/inst/gmem0_m_axi_U/bus_read/rreq_burst_conv/rs_req/data_p1[8]_i_1__0_n_0
    SLICE_X38Y79         FDRE                                         r  system_i/matmul_accel_0/inst/gmem0_m_axi_U/bus_read/rreq_burst_conv/rs_req/data_p1_reg[8]/D
  -------------------------------------------------------------------    -------------------

                         (clock clk_fpga_0 rise edge)
                                                      0.000     0.000 r  
    PS7_X0Y0             PS7                          0.000     0.000 r  system_i/processing_system7_0/inst/PS7_i/FCLKCLK[0]
                         net (fo=1, routed)           0.337     0.337    system_i/processing_system7_0/inst/FCLK_CLK_unbuffered[0]
    BUFGCTRL_X0Y16       BUFG (Prop_bufg_I_O)         0.029     0.366 r  system_i/processing_system7_0/inst/buffer_fclk_clk_0.FCLK_CLK_0_BUFG/O
                         net (fo=2320, routed)        0.813     1.179    system_i/matmul_accel_0/inst/gmem0_m_axi_U/bus_read/rreq_burst_conv/rs_req/ap_clk
    SLICE_X38Y79         FDRE                                         r  system_i/matmul_accel_0/inst/gmem0_m_axi_U/bus_read/rreq_burst_conv/rs_req/data_p1_reg[8]/C
                         clock pessimism             -0.283     0.896    
    SLICE_X38Y79         FDRE (Hold_fdre_C_D)         0.121     1.017    system_i/matmul_accel_0/inst/gmem0_m_axi_U/bus_read/rreq_burst_conv/rs_req/data_p1_reg[8]
  -------------------------------------------------------------------
                         required time                         -1.017    
                         arrival time                           1.121    
  -------------------------------------------------------------------
                         slack                                  0.104    

Slack (MET) :             0.104ns  (arrival time - required time)
  Source:                 <hidden>
                            (rising edge-triggered cell FDRE clocked by clk_fpga_0  {rise@0.000ns fall@5.000ns period=10.000ns})
  Destination:            <hidden>
                            (rising edge-triggered cell FDRE clocked by clk_fpga_0  {rise@0.000ns fall@5.000ns period=10.000ns})
  Path Group:             clk_fpga_0
  Path Type:              Hold (Min at Fast Process Corner)
  Requirement:            0.000ns  (clk_fpga_0 rise@0.000ns - clk_fpga_0 rise@0.000ns)
  Data Path Delay:        0.548ns  (logic 0.227ns (41.390%)  route 0.321ns (58.610%))
  Logic Levels:           1  (LUT6=1)
  Clock Path Skew:        0.352ns (DCD - SCD - CPR)
    Destination Clock Delay (DCD):    1.297ns
    Source Clock Delay      (SCD):    0.910ns
    Clock Pessimism Removal (CPR):    0.035ns

    Location             Delay type                Incr(ns)  Path(ns)    Netlist Resource(s)
  -------------------------------------------------------------------    -------------------
                         (clock clk_fpga_0 rise edge)
                                                      0.000     0.000 r  
    PS7_X0Y0             PS7                          0.000     0.000 r  system_i/processing_system7_0/inst/PS7_i/FCLKCLK[0]
                         net (fo=1, routed)           0.310     0.310    system_i/processing_system7_0/inst/FCLK_CLK_unbuffered[0]
    BUFGCTRL_X0Y16       BUFG (Prop_bufg_I_O)         0.026     0.336 r  system_i/processing_system7_0/inst/buffer_fclk_clk_0.FCLK_CLK_0_BUFG/O
                         net (fo=2320, routed)        0.574     0.910    <hidden>
    SLICE_X27Y99         FDRE                                         r  <hidden>
  -------------------------------------------------------------------    -------------------
    SLICE_X27Y99         FDRE (Prop_fdre_C_Q)         0.128     1.038 r  <hidden>
                         net (fo=8, routed)           0.321     1.359    <hidden>
    SLICE_X28Y102        LUT6 (Prop_lut6_I3_O)        0.099     1.458 r  <hidden>
                         net (fo=1, routed)           0.000     1.458    <hidden>
    SLICE_X28Y102        FDRE                                         r  <hidden>
  -------------------------------------------------------------------    -------------------

                         (clock clk_fpga_0 rise edge)
                                                      0.000     0.000 r  
    PS7_X0Y0             PS7                          0.000     0.000 r  system_i/processing_system7_0/inst/PS7_i/FCLKCLK[0]
                         net (fo=1, routed)           0.337     0.337    system_i/processing_system7_0/inst/FCLK_CLK_unbuffered[0]
    BUFGCTRL_X0Y16       BUFG (Prop_bufg_I_O)         0.029     0.366 r  system_i/processing_system7_0/inst/buffer_fclk_clk_0.FCLK_CLK_0_BUFG/O
                         net (fo=2320, routed)        0.931     1.297    <hidden>
    SLICE_X28Y102        FDRE                                         r  <hidden>
                         clock pessimism             -0.035     1.262    
    SLICE_X28Y102        FDRE (Hold_fdre_C_D)         0.092     1.354    <hidden>
  -------------------------------------------------------------------
                         required time                         -1.354    
                         arrival time                           1.458    
  -------------------------------------------------------------------
                         slack                                  0.104    

Slack (MET) :             0.108ns  (arrival time - required time)
  Source:                 system_i/matmul_accel_0/inst/gmem1_m_axi_U/bus_read/rs_rdata/data_p1_reg[23]/C
                            (rising edge-triggered cell FDRE clocked by clk_fpga_0  {rise@0.000ns fall@5.000ns period=10.000ns})
  Destination:            system_i/matmul_accel_0/inst/gmem1_m_axi_U/load_unit_0/buff_rdata/U_fifo_mem/mem_reg/DIBDI[7]
                            (rising edge-triggered cell RAMB18E1 clocked by clk_fpga_0  {rise@0.000ns fall@5.000ns period=10.000ns})
  Path Group:             clk_fpga_0
  Path Type:              Hold (Min at Fast Process Corner)
  Requirement:            0.000ns  (clk_fpga_0 rise@0.000ns - clk_fpga_0 rise@0.000ns)
  Data Path Delay:        0.324ns  (logic 0.164ns (50.630%)  route 0.160ns (49.370%))
  Logic Levels:           0  
  Clock Path Skew:        0.060ns (DCD - SCD - CPR)
    Destination Clock Delay (DCD):    1.231ns
    Source Clock Delay      (SCD):    0.890ns
    Clock Pessimism Removal (CPR):    0.281ns

    Location             Delay type                Incr(ns)  Path(ns)    Netlist Resource(s)
  -------------------------------------------------------------------    -------------------
                         (clock clk_fpga_0 rise edge)
                                                      0.000     0.000 r  
    PS7_X0Y0             PS7                          0.000     0.000 r  system_i/processing_system7_0/inst/PS7_i/FCLKCLK[0]
                         net (fo=1, routed)           0.310     0.310    system_i/processing_system7_0/inst/FCLK_CLK_unbuffered[0]
    BUFGCTRL_X0Y16       BUFG (Prop_bufg_I_O)         0.026     0.336 r  system_i/processing_system7_0/inst/buffer_fclk_clk_0.FCLK_CLK_0_BUFG/O
                         net (fo=2320, routed)        0.554     0.890    system_i/matmul_accel_0/inst/gmem1_m_axi_U/bus_read/rs_rdata/ap_clk
    SLICE_X32Y64         FDRE                                         r  system_i/matmul_accel_0/inst/gmem1_m_axi_U/bus_read/rs_rdata/data_p1_reg[23]/C
  -------------------------------------------------------------------    -------------------
    SLICE_X32Y64         FDRE (Prop_fdre_C_Q)         0.164     1.054 r  system_i/matmul_accel_0/inst/gmem1_m_axi_U/bus_read/rs_rdata/data_p1_reg[23]/Q
                         net (fo=1, routed)           0.160     1.214    system_i/matmul_accel_0/inst/gmem1_m_axi_U/load_unit_0/buff_rdata/U_fifo_mem/din[23]
    RAMB18_X2Y24         RAMB18E1                                     r  system_i/matmul_accel_0/inst/gmem1_m_axi_U/load_unit_0/buff_rdata/U_fifo_mem/mem_reg/DIBDI[7]
  -------------------------------------------------------------------    -------------------

                         (clock clk_fpga_0 rise edge)
                                                      0.000     0.000 r  
    PS7_X0Y0             PS7                          0.000     0.000 r  system_i/processing_system7_0/inst/PS7_i/FCLKCLK[0]
                         net (fo=1, routed)           0.337     0.337    system_i/processing_system7_0/inst/FCLK_CLK_unbuffered[0]
    BUFGCTRL_X0Y16       BUFG (Prop_bufg_I_O)         0.029     0.366 r  system_i/processing_system7_0/inst/buffer_fclk_clk_0.FCLK_CLK_0_BUFG/O
                         net (fo=2320, routed)        0.865     1.231    system_i/matmul_accel_0/inst/gmem1_m_axi_U/load_unit_0/buff_rdata/U_fifo_mem/ap_clk
    RAMB18_X2Y24         RAMB18E1                                     r  system_i/matmul_accel_0/inst/gmem1_m_axi_U/load_unit_0/buff_rdata/U_fifo_mem/mem_reg/CLKBWRCLK
                         clock pessimism             -0.281     0.950    
    RAMB18_X2Y24         RAMB18E1 (Hold_ramb18e1_CLKBWRCLK_DIBDI[7])
                                                      0.155     1.105    system_i/matmul_accel_0/inst/gmem1_m_axi_U/load_unit_0/buff_rdata/U_fifo_mem/mem_reg
  -------------------------------------------------------------------
                         required time                         -1.105    
                         arrival time                           1.214    
  -------------------------------------------------------------------
                         slack                                  0.108    





Pulse Width Checks
--------------------------------------------------------------------------------------
Clock Name:         clk_fpga_0
Waveform(ns):       { 0.000 5.000 }
Period(ns):         10.000
Sources:            { system_i/processing_system7_0/inst/PS7_i/FCLKCLK[0] }

Check Type        Corner  Lib Pin             Reference Pin  Required(ns)  Actual(ns)  Slack(ns)  Location        Pin
Min Period        n/a     RAMB18E1/CLKARDCLK  n/a            2.944         10.000      7.056      RAMB18_X2Y28    system_i/matmul_accel_0/inst/gmem0_m_axi_U/load_unit_0/buff_rdata/U_fifo_mem/mem_reg/CLKARDCLK
Min Period        n/a     RAMB18E1/CLKBWRCLK  n/a            2.944         10.000      7.056      RAMB18_X2Y28    system_i/matmul_accel_0/inst/gmem0_m_axi_U/load_unit_0/buff_rdata/U_fifo_mem/mem_reg/CLKBWRCLK
Min Period        n/a     RAMB18E1/CLKARDCLK  n/a            2.944         10.000      7.056      RAMB18_X2Y24    system_i/matmul_accel_0/inst/gmem1_m_axi_U/load_unit_0/buff_rdata/U_fifo_mem/mem_reg/CLKARDCLK
Min Period        n/a     RAMB18E1/CLKBWRCLK  n/a            2.944         10.000      7.056      RAMB18_X2Y24    system_i/matmul_accel_0/inst/gmem1_m_axi_U/load_unit_0/buff_rdata/U_fifo_mem/mem_reg/CLKBWRCLK
Min Period        n/a     BUFG/I              n/a            2.155         10.000      7.845      BUFGCTRL_X0Y16  system_i/processing_system7_0/inst/buffer_fclk_clk_0.FCLK_CLK_0_BUFG/I
Min Period        n/a     FDRE/C              n/a            1.000         10.000      9.000      SLICE_X46Y79    system_i/matmul_accel_0/inst/add_ln55_1_reg_484_reg[0]/C
Min Period        n/a     FDRE/C              n/a            1.000         10.000      9.000      SLICE_X46Y81    system_i/matmul_accel_0/inst/add_ln55_1_reg_484_reg[10]/C
Min Period        n/a     FDRE/C              n/a            1.000         10.000      9.000      SLICE_X46Y81    system_i/matmul_accel_0/inst/add_ln55_1_reg_484_reg[11]/C
Min Period        n/a     FDRE/C              n/a            1.000         10.000      9.000      SLICE_X46Y79    system_i/matmul_accel_0/inst/add_ln55_1_reg_484_reg[1]/C
Min Period        n/a     FDRE/C              n/a            1.000         10.000      9.000      SLICE_X46Y79    system_i/matmul_accel_0/inst/add_ln55_1_reg_484_reg[2]/C
Low Pulse Width   Slow    RAMD32/CLK          n/a            1.250         5.000       3.750      SLICE_X38Y105   <hidden>
Low Pulse Width   Fast    RAMD32/CLK          n/a            1.250         5.000       3.750      SLICE_X38Y105   <hidden>
Low Pulse Width   Slow    RAMD32/CLK          n/a            1.250         5.000       3.750      SLICE_X38Y105   <hidden>
Low Pulse Width   Fast    RAMD32/CLK          n/a            1.250         5.000       3.750      SLICE_X38Y105   <hidden>
Low Pulse Width   Slow    SRL16E/CLK          n/a            0.980         5.000       4.020      SLICE_X34Y75    system_i/matmul_accel_0/inst/bus_read/fifo_burst/U_fifo_srl/mem_reg[14][0]_srl15/CLK
Low Pulse Width   Fast    SRL16E/CLK          n/a            0.980         5.000       4.020      SLICE_X34Y75    system_i/matmul_accel_0/inst/bus_read/fifo_burst/U_fifo_srl/mem_reg[14][0]_srl15/CLK
Low Pulse Width   Slow    SRL16E/CLK          n/a            0.980         5.000       4.020      SLICE_X30Y65    system_i/matmul_accel_0/inst/bus_read/fifo_burst/U_fifo_srl/mem_reg[14][0]_srl15__0/CLK
Low Pulse Width   Fast    SRL16E/CLK          n/a            0.980         5.000       4.020      SLICE_X30Y65    system_i/matmul_accel_0/inst/bus_read/fifo_burst/U_fifo_srl/mem_reg[14][0]_srl15__0/CLK
Low Pulse Width   Slow    SRL16E/CLK          n/a            0.980         5.000       4.020      SLICE_X42Y77    system_i/matmul_accel_0/inst/gmem0_m_axi_U/load_unit_0/bus_wide_gen.rreq_offset/U_fifo_srl/mem_reg[14][0]_srl15/CLK
Low Pulse Width   Fast    SRL16E/CLK          n/a            0.980         5.000       4.020      SLICE_X42Y77    system_i/matmul_accel_0/inst/gmem0_m_axi_U/load_unit_0/bus_wide_gen.rreq_offset/U_fifo_srl/mem_reg[14][0]_srl15/CLK
High Pulse Width  Slow    RAMD32/CLK          n/a            1.250         5.000       3.750      SLICE_X38Y105   <hidden>
High Pulse Width  Fast    RAMD32/CLK          n/a            1.250         5.000       3.750      SLICE_X38Y105   <hidden>
High Pulse Width  Slow    RAMD32/CLK          n/a            1.250         5.000       3.750      SLICE_X38Y105   <hidden>
High Pulse Width  Fast    RAMD32/CLK          n/a            1.250         5.000       3.750      SLICE_X38Y105   <hidden>
High Pulse Width  Slow    SRL16E/CLK          n/a            0.980         5.000       4.020      SLICE_X34Y75    system_i/matmul_accel_0/inst/bus_read/fifo_burst/U_fifo_srl/mem_reg[14][0]_srl15/CLK
High Pulse Width  Fast    SRL16E/CLK          n/a            0.980         5.000       4.020      SLICE_X34Y75    system_i/matmul_accel_0/inst/bus_read/fifo_burst/U_fifo_srl/mem_reg[14][0]_srl15/CLK
High Pulse Width  Slow    SRL16E/CLK          n/a            0.980         5.000       4.020      SLICE_X30Y65    system_i/matmul_accel_0/inst/bus_read/fifo_burst/U_fifo_srl/mem_reg[14][0]_srl15__0/CLK
High Pulse Width  Fast    SRL16E/CLK          n/a            0.980         5.000       4.020      SLICE_X30Y65    system_i/matmul_accel_0/inst/bus_read/fifo_burst/U_fifo_srl/mem_reg[14][0]_srl15__0/CLK
High Pulse Width  Slow    SRL16E/CLK          n/a            0.980         5.000       4.020      SLICE_X42Y77    system_i/matmul_accel_0/inst/gmem0_m_axi_U/load_unit_0/bus_wide_gen.rreq_offset/U_fifo_srl/mem_reg[14][0]_srl15/CLK
High Pulse Width  Fast    SRL16E/CLK          n/a            0.980         5.000       4.020      SLICE_X42Y77    system_i/matmul_accel_0/inst/gmem0_m_axi_U/load_unit_0/bus_wide_gen.rreq_offset/U_fifo_srl/mem_reg[14][0]_srl15/CLK



--------------------------------------------------------------------------------------
Path Group:  (none)
From Clock:  
  To Clock:  clk_fpga_0

Max Delay             1 Endpoint
Min Delay             1 Endpoint
--------------------------------------------------------------------------------------


Max Delay Paths
--------------------------------------------------------------------------------------
Slack:                    inf
  Source:                 system_i/processing_system7_0/inst/PS7_i/FCLKRESETN[0]
                            (internal pin)
  Destination:            system_i/proc_sys_reset_0/U0/EXT_LPF/ACTIVE_LOW_EXT.ACT_LO_EXT/GENERATE_LEVEL_P_S_CDC.SINGLE_BIT.CROSS_PLEVEL_IN2SCNDRY_IN_cdc_to/D
                            (rising edge-triggered cell FDRE clocked by clk_fpga_0  {rise@0.000ns fall@5.000ns period=10.000ns})
  Path Group:             (none)
  Path Type:              Setup (Max at Slow Process Corner)
  Data Path Delay:        2.398ns  (logic 0.124ns (5.171%)  route 2.274ns (94.829%))
  Logic Levels:           1  (LUT1=1)
  Clock Uncertainty:      0.152ns  ((TSJ^2 + TIJ^2)^1/2 + DJ) / 2 + PE
    Total System Jitter     (TSJ):    0.050ns
    Total Input Jitter      (TIJ):    0.300ns
    Discrete Jitter          (DJ):    0.000ns
    Phase Error              (PE):    0.000ns
  Timing Exception:       False Path

    Location             Delay type                Incr(ns)  Path(ns)    Netlist Resource(s)
  -------------------------------------------------------------------    -------------------
    PS7_X0Y0             PS7                          0.000     0.000 f  system_i/processing_system7_0/inst/PS7_i/FCLKRESETN[0]
                         net (fo=1, routed)           2.274     2.274    system_i/proc_sys_reset_0/U0/EXT_LPF/ACTIVE_LOW_EXT.ACT_LO_EXT/ext_reset_in
    SLICE_X48Y69         LUT1 (Prop_lut1_I0_O)        0.124     2.398 r  system_i/proc_sys_reset_0/U0/EXT_LPF/ACTIVE_LOW_EXT.ACT_LO_EXT/GENERATE_LEVEL_P_S_CDC.SINGLE_BIT.CROSS_PLEVEL_IN2SCNDRY_IN_cdc_to_i_1/O
                         net (fo=1, routed)           0.000     2.398    system_i/proc_sys_reset_0/U0/EXT_LPF/ACTIVE_LOW_EXT.ACT_LO_EXT/exr_d1
    SLICE_X48Y69         FDRE                                         r  system_i/proc_sys_reset_0/U0/EXT_LPF/ACTIVE_LOW_EXT.ACT_LO_EXT/GENERATE_LEVEL_P_S_CDC.SINGLE_BIT.CROSS_PLEVEL_IN2SCNDRY_IN_cdc_to/D
  -------------------------------------------------------------------    -------------------

                         (clock clk_fpga_0 rise edge)
                                                      0.000     0.000 r  
    PS7_X0Y0             PS7                          0.000     0.000 r  system_i/processing_system7_0/inst/PS7_i/FCLKCLK[0]
                         net (fo=1, routed)           1.088     1.088    system_i/processing_system7_0/inst/FCLK_CLK_unbuffered[0]
    BUFGCTRL_X0Y16       BUFG (Prop_bufg_I_O)         0.091     1.179 r  system_i/processing_system7_0/inst/buffer_fclk_clk_0.FCLK_CLK_0_BUFG/O
                         net (fo=2320, routed)        1.466     2.645    system_i/proc_sys_reset_0/U0/EXT_LPF/ACTIVE_LOW_EXT.ACT_LO_EXT/slowest_sync_clk
    SLICE_X48Y69         FDRE                                         r  system_i/proc_sys_reset_0/U0/EXT_LPF/ACTIVE_LOW_EXT.ACT_LO_EXT/GENERATE_LEVEL_P_S_CDC.SINGLE_BIT.CROSS_PLEVEL_IN2SCNDRY_IN_cdc_to/C





Min Delay Paths
--------------------------------------------------------------------------------------
Slack:                    inf
  Source:                 system_i/processing_system7_0/inst/PS7_i/FCLKRESETN[0]
                            (internal pin)
  Destination:            system_i/proc_sys_reset_0/U0/EXT_LPF/ACTIVE_LOW_EXT.ACT_LO_EXT/GENERATE_LEVEL_P_S_CDC.SINGLE_BIT.CROSS_PLEVEL_IN2SCNDRY_IN_cdc_to/D
                            (rising edge-triggered cell FDRE clocked by clk_fpga_0  {rise@0.000ns fall@5.000ns period=10.000ns})
  Path Group:             (none)
  Path Type:              Hold (Min at Fast Process Corner)
  Data Path Delay:        1.003ns  (logic 0.045ns (4.487%)  route 0.958ns (95.513%))
  Logic Levels:           1  (LUT1=1)
  Clock Uncertainty:      0.152ns  ((TSJ^2 + TIJ^2)^1/2 + DJ) / 2 + PE
    Total System Jitter     (TSJ):    0.050ns
    Total Input Jitter      (TIJ):    0.300ns
    Discrete Jitter          (DJ):    0.000ns
    Phase Error              (PE):    0.000ns
  Timing Exception:       False Path

    Location             Delay type                Incr(ns)  Path(ns)    Netlist Resource(s)
  -------------------------------------------------------------------    -------------------
    PS7_X0Y0             PS7                          0.000     0.000 f  system_i/processing_system7_0/inst/PS7_i/FCLKRESETN[0]
                         net (fo=1, routed)           0.958     0.958    system_i/proc_sys_reset_0/U0/EXT_LPF/ACTIVE_LOW_EXT.ACT_LO_EXT/ext_reset_in
    SLICE_X48Y69         LUT1 (Prop_lut1_I0_O)        0.045     1.003 r  system_i/proc_sys_reset_0/U0/EXT_LPF/ACTIVE_LOW_EXT.ACT_LO_EXT/GENERATE_LEVEL_P_S_CDC.SINGLE_BIT.CROSS_PLEVEL_IN2SCNDRY_IN_cdc_to_i_1/O
                         net (fo=1, routed)           0.000     1.003    system_i/proc_sys_reset_0/U0/EXT_LPF/ACTIVE_LOW_EXT.ACT_LO_EXT/exr_d1
    SLICE_X48Y69         FDRE                                         r  system_i/proc_sys_reset_0/U0/EXT_LPF/ACTIVE_LOW_EXT.ACT_LO_EXT/GENERATE_LEVEL_P_S_CDC.SINGLE_BIT.CROSS_PLEVEL_IN2SCNDRY_IN_cdc_to/D
  -------------------------------------------------------------------    -------------------

                         (clock clk_fpga_0 rise edge)
                                                      0.000     0.000 r  
    PS7_X0Y0             PS7                          0.000     0.000 r  system_i/processing_system7_0/inst/PS7_i/FCLKCLK[0]
                         net (fo=1, routed)           0.337     0.337    system_i/processing_system7_0/inst/FCLK_CLK_unbuffered[0]
    BUFGCTRL_X0Y16       BUFG (Prop_bufg_I_O)         0.029     0.366 r  system_i/processing_system7_0/inst/buffer_fclk_clk_0.FCLK_CLK_0_BUFG/O
                         net (fo=2320, routed)        0.814     1.180    system_i/proc_sys_reset_0/U0/EXT_LPF/ACTIVE_LOW_EXT.ACT_LO_EXT/slowest_sync_clk
    SLICE_X48Y69         FDRE                                         r  system_i/proc_sys_reset_0/U0/EXT_LPF/ACTIVE_LOW_EXT.ACT_LO_EXT/GENERATE_LEVEL_P_S_CDC.SINGLE_BIT.CROSS_PLEVEL_IN2SCNDRY_IN_cdc_to/C





--------------------------------------------------------------------------------------
Path Group:  (none)
From Clock:  clk_fpga_0
  To Clock:  clk_fpga_0

Max Delay           106 Endpoints
Min Delay           106 Endpoints
--------------------------------------------------------------------------------------


Max Delay Paths
--------------------------------------------------------------------------------------
Slack:                    inf
  Source:                 system_i/smartconnect_0/inst/clk_map/psr_aclk/U0/ACTIVE_LOW_BSR_OUT_DFF[0].FDRE_BSR_N/C
                            (rising edge-triggered cell FDRE clocked by clk_fpga_0  {rise@0.000ns fall@5.000ns period=10.000ns})
  Destination:            <hidden>
                            (recovery check against rising-edge clock clk_fpga_0  {rise@0.000ns fall@5.000ns period=10.000ns})
  Path Group:             (none)
  Path Type:              Recovery (Max at Slow Process Corner)
  Data Path Delay:        4.183ns  (logic 0.672ns (16.066%)  route 3.511ns (83.934%))
  Logic Levels:           1  (LUT1=1)
  Clock Path Skew:        -0.105ns (DCD - SCD + CPR)
    Destination Clock Delay (DCD):    2.832ns
    Source Clock Delay      (SCD):    2.937ns
    Clock Pessimism Removal (CPR):    0.000ns
  Clock Uncertainty:      0.154ns  ((TSJ^2 + TIJ^2)^1/2 + DJ) / 2 + PE
    Total System Jitter     (TSJ):    0.071ns
    Total Input Jitter      (TIJ):    0.300ns
    Discrete Jitter          (DJ):    0.000ns
    Phase Error              (PE):    0.000ns
  Timing Exception:       False Path

    Location             Delay type                Incr(ns)  Path(ns)    Netlist Resource(s)
  -------------------------------------------------------------------    -------------------
                         (clock clk_fpga_0 rise edge)
                                                      0.000     0.000 r  
    PS7_X0Y0             PS7                          0.000     0.000 r  system_i/processing_system7_0/inst/PS7_i/FCLKCLK[0]
                         net (fo=1, routed)           1.193     1.193    system_i/processing_system7_0/inst/FCLK_CLK_unbuffered[0]
    BUFGCTRL_X0Y16       BUFG (Prop_bufg_I_O)         0.101     1.294 r  system_i/processing_system7_0/inst/buffer_fclk_clk_0.FCLK_CLK_0_BUFG/O
                         net (fo=2320, routed)        1.643     2.937    system_i/smartconnect_0/inst/clk_map/psr_aclk/U0/aclk
    SLICE_X46Y83         FDRE                                         r  system_i/smartconnect_0/inst/clk_map/psr_aclk/U0/ACTIVE_LOW_BSR_OUT_DFF[0].FDRE_BSR_N/C
  -------------------------------------------------------------------    -------------------
    SLICE_X46Y83         FDRE (Prop_fdre_C_Q)         0.518     3.455 r  system_i/smartconnect_0/inst/clk_map/psr_aclk/U0/ACTIVE_LOW_BSR_OUT_DFF[0].FDRE_BSR_N/Q
                         net (fo=35, routed)          2.974     6.429    <hidden>
    SLICE_X44Y102        LUT1 (Prop_lut1_I0_O)        0.154     6.583 f  <hidden>
                         net (fo=3, routed)           0.536     7.120    <hidden>
    SLICE_X44Y102        FDCE                                         f  <hidden>
  -------------------------------------------------------------------    -------------------

                         (clock clk_fpga_0 rise edge)
                                                      0.000     0.000 r  
    PS7_X0Y0             PS7                          0.000     0.000 r  system_i/processing_system7_0/inst/PS7_i/FCLKCLK[0]
                         net (fo=1, routed)           1.088     1.088    system_i/processing_system7_0/inst/FCLK_CLK_unbuffered[0]
    BUFGCTRL_X0Y16       BUFG (Prop_bufg_I_O)         0.091     1.179 r  system_i/processing_system7_0/inst/buffer_fclk_clk_0.FCLK_CLK_0_BUFG/O
                         net (fo=2320, routed)        1.653     2.832    <hidden>
    SLICE_X44Y102        FDCE                                         r  <hidden>

Slack:                    inf
  Source:                 system_i/smartconnect_0/inst/clk_map/psr_aclk/U0/ACTIVE_LOW_BSR_OUT_DFF[0].FDRE_BSR_N/C
                            (rising edge-triggered cell FDRE clocked by clk_fpga_0  {rise@0.000ns fall@5.000ns period=10.000ns})
  Destination:            <hidden>
                            (recovery check against rising-edge clock clk_fpga_0  {rise@0.000ns fall@5.000ns period=10.000ns})
  Path Group:             (none)
  Path Type:              Recovery (Max at Slow Process Corner)
  Data Path Delay:        4.183ns  (logic 0.672ns (16.066%)  route 3.511ns (83.934%))
  Logic Levels:           1  (LUT1=1)
  Clock Path Skew:        -0.105ns (DCD - SCD + CPR)
    Destination Clock Delay (DCD):    2.832ns
    Source Clock Delay      (SCD):    2.937ns
    Clock Pessimism Removal (CPR):    0.000ns
  Clock Uncertainty:      0.154ns  ((TSJ^2 + TIJ^2)^1/2 + DJ) / 2 + PE
    Total System Jitter     (TSJ):    0.071ns
    Total Input Jitter      (TIJ):    0.300ns
    Discrete Jitter          (DJ):    0.000ns
    Phase Error              (PE):    0.000ns
  Timing Exception:       False Path

    Location             Delay type                Incr(ns)  Path(ns)    Netlist Resource(s)
  -------------------------------------------------------------------    -------------------
                         (clock clk_fpga_0 rise edge)
                                                      0.000     0.000 r  
    PS7_X0Y0             PS7                          0.000     0.000 r  system_i/processing_system7_0/inst/PS7_i/FCLKCLK[0]
                         net (fo=1, routed)           1.193     1.193    system_i/processing_system7_0/inst/FCLK_CLK_unbuffered[0]
    BUFGCTRL_X0Y16       BUFG (Prop_bufg_I_O)         0.101     1.294 r  system_i/processing_system7_0/inst/buffer_fclk_clk_0.FCLK_CLK_0_BUFG/O
                         net (fo=2320, routed)        1.643     2.937    system_i/smartconnect_0/inst/clk_map/psr_aclk/U0/aclk
    SLICE_X46Y83         FDRE                                         r  system_i/smartconnect_0/inst/clk_map/psr_aclk/U0/ACTIVE_LOW_BSR_OUT_DFF[0].FDRE_BSR_N/C
  -------------------------------------------------------------------    -------------------
    SLICE_X46Y83         FDRE (Prop_fdre_C_Q)         0.518     3.455 r  system_i/smartconnect_0/inst/clk_map/psr_aclk/U0/ACTIVE_LOW_BSR_OUT_DFF[0].FDRE_BSR_N/Q
                         net (fo=35, routed)          2.974     6.429    <hidden>
    SLICE_X44Y102        LUT1 (Prop_lut1_I0_O)        0.154     6.583 f  <hidden>
                         net (fo=3, routed)           0.536     7.120    <hidden>
    SLICE_X44Y102        FDCE                                         f  <hidden>
  -------------------------------------------------------------------    -------------------

                         (clock clk_fpga_0 rise edge)
                                                      0.000     0.000 r  
    PS7_X0Y0             PS7                          0.000     0.000 r  system_i/processing_system7_0/inst/PS7_i/FCLKCLK[0]
                         net (fo=1, routed)           1.088     1.088    system_i/processing_system7_0/inst/FCLK_CLK_unbuffered[0]
    BUFGCTRL_X0Y16       BUFG (Prop_bufg_I_O)         0.091     1.179 r  system_i/processing_system7_0/inst/buffer_fclk_clk_0.FCLK_CLK_0_BUFG/O
                         net (fo=2320, routed)        1.653     2.832    <hidden>
    SLICE_X44Y102        FDCE                                         r  <hidden>

Slack:                    inf
  Source:                 system_i/smartconnect_0/inst/clk_map/psr_aclk/U0/ACTIVE_LOW_BSR_OUT_DFF[0].FDRE_BSR_N/C
                            (rising edge-triggered cell FDRE clocked by clk_fpga_0  {rise@0.000ns fall@5.000ns period=10.000ns})
  Destination:            <hidden>
                            (recovery check against rising-edge clock clk_fpga_0  {rise@0.000ns fall@5.000ns period=10.000ns})
  Path Group:             (none)
  Path Type:              Recovery (Max at Slow Process Corner)
  Data Path Delay:        4.183ns  (logic 0.672ns (16.066%)  route 3.511ns (83.934%))
  Logic Levels:           1  (LUT1=1)
  Clock Path Skew:        -0.105ns (DCD - SCD + CPR)
    Destination Clock Delay (DCD):    2.832ns
    Source Clock Delay      (SCD):    2.937ns
    Clock Pessimism Removal (CPR):    0.000ns
  Clock Uncertainty:      0.154ns  ((TSJ^2 + TIJ^2)^1/2 + DJ) / 2 + PE
    Total System Jitter     (TSJ):    0.071ns
    Total Input Jitter      (TIJ):    0.300ns
    Discrete Jitter          (DJ):    0.000ns
    Phase Error              (PE):    0.000ns
  Timing Exception:       False Path

    Location             Delay type                Incr(ns)  Path(ns)    Netlist Resource(s)
  -------------------------------------------------------------------    -------------------
                         (clock clk_fpga_0 rise edge)
                                                      0.000     0.000 r  
    PS7_X0Y0             PS7                          0.000     0.000 r  system_i/processing_system7_0/inst/PS7_i/FCLKCLK[0]
                         net (fo=1, routed)           1.193     1.193    system_i/processing_system7_0/inst/FCLK_CLK_unbuffered[0]
    BUFGCTRL_X0Y16       BUFG (Prop_bufg_I_O)         0.101     1.294 r  system_i/processing_system7_0/inst/buffer_fclk_clk_0.FCLK_CLK_0_BUFG/O
                         net (fo=2320, routed)        1.643     2.937    system_i/smartconnect_0/inst/clk_map/psr_aclk/U0/aclk
    SLICE_X46Y83         FDRE                                         r  system_i/smartconnect_0/inst/clk_map/psr_aclk/U0/ACTIVE_LOW_BSR_OUT_DFF[0].FDRE_BSR_N/C
  -------------------------------------------------------------------    -------------------
    SLICE_X46Y83         FDRE (Prop_fdre_C_Q)         0.518     3.455 r  system_i/smartconnect_0/inst/clk_map/psr_aclk/U0/ACTIVE_LOW_BSR_OUT_DFF[0].FDRE_BSR_N/Q
                         net (fo=35, routed)          2.974     6.429    <hidden>
    SLICE_X44Y102        LUT1 (Prop_lut1_I0_O)        0.154     6.583 f  <hidden>
                         net (fo=3, routed)           0.536     7.120    <hidden>
    SLICE_X44Y102        FDCE                                         f  <hidden>
  -------------------------------------------------------------------    -------------------

                         (clock clk_fpga_0 rise edge)
                                                      0.000     0.000 r  
    PS7_X0Y0             PS7                          0.000     0.000 r  system_i/processing_system7_0/inst/PS7_i/FCLKCLK[0]
                         net (fo=1, routed)           1.088     1.088    system_i/processing_system7_0/inst/FCLK_CLK_unbuffered[0]
    BUFGCTRL_X0Y16       BUFG (Prop_bufg_I_O)         0.091     1.179 r  system_i/processing_system7_0/inst/buffer_fclk_clk_0.FCLK_CLK_0_BUFG/O
                         net (fo=2320, routed)        1.653     2.832    <hidden>
    SLICE_X44Y102        FDCE                                         r  <hidden>

Slack:                    inf
  Source:                 system_i/smartconnect_0/inst/clk_map/psr_aclk/U0/ACTIVE_LOW_BSR_OUT_DFF[0].FDRE_BSR_N/C
                            (rising edge-triggered cell FDRE clocked by clk_fpga_0  {rise@0.000ns fall@5.000ns period=10.000ns})
  Destination:            <hidden>
                            (recovery check against rising-edge clock clk_fpga_0  {rise@0.000ns fall@5.000ns period=10.000ns})
  Path Group:             (none)
  Path Type:              Recovery (Max at Slow Process Corner)
  Data Path Delay:        4.131ns  (logic 0.642ns (15.540%)  route 3.489ns (84.460%))
  Logic Levels:           1  (LUT1=1)
  Clock Path Skew:        -0.104ns (DCD - SCD + CPR)
    Destination Clock Delay (DCD):    2.833ns
    Source Clock Delay      (SCD):    2.937ns
    Clock Pessimism Removal (CPR):    0.000ns
  Clock Uncertainty:      0.154ns  ((TSJ^2 + TIJ^2)^1/2 + DJ) / 2 + PE
    Total System Jitter     (TSJ):    0.071ns
    Total Input Jitter      (TIJ):    0.300ns
    Discrete Jitter          (DJ):    0.000ns
    Phase Error              (PE):    0.000ns
  Timing Exception:       False Path

    Location             Delay type                Incr(ns)  Path(ns)    Netlist Resource(s)
  -------------------------------------------------------------------    -------------------
                         (clock clk_fpga_0 rise edge)
                                                      0.000     0.000 r  
    PS7_X0Y0             PS7                          0.000     0.000 r  system_i/processing_system7_0/inst/PS7_i/FCLKCLK[0]
                         net (fo=1, routed)           1.193     1.193    system_i/processing_system7_0/inst/FCLK_CLK_unbuffered[0]
    BUFGCTRL_X0Y16       BUFG (Prop_bufg_I_O)         0.101     1.294 r  system_i/processing_system7_0/inst/buffer_fclk_clk_0.FCLK_CLK_0_BUFG/O
                         net (fo=2320, routed)        1.643     2.937    system_i/smartconnect_0/inst/clk_map/psr_aclk/U0/aclk
    SLICE_X46Y83         FDRE                                         r  system_i/smartconnect_0/inst/clk_map/psr_aclk/U0/ACTIVE_LOW_BSR_OUT_DFF[0].FDRE_BSR_N/C
  -------------------------------------------------------------------    -------------------
    SLICE_X46Y83         FDRE (Prop_fdre_C_Q)         0.518     3.455 r  system_i/smartconnect_0/inst/clk_map/psr_aclk/U0/ACTIVE_LOW_BSR_OUT_DFF[0].FDRE_BSR_N/Q
                         net (fo=35, routed)          2.974     6.429    <hidden>
    SLICE_X44Y102        LUT1 (Prop_lut1_I0_O)        0.124     6.553 f  <hidden>
                         net (fo=3, routed)           0.515     7.068    <hidden>
    SLICE_X43Y102        FDCE                                         f  <hidden>
  -------------------------------------------------------------------    -------------------

                         (clock clk_fpga_0 rise edge)
                                                      0.000     0.000 r  
    PS7_X0Y0             PS7                          0.000     0.000 r  system_i/processing_system7_0/inst/PS7_i/FCLKCLK[0]
                         net (fo=1, routed)           1.088     1.088    system_i/processing_system7_0/inst/FCLK_CLK_unbuffered[0]
    BUFGCTRL_X0Y16       BUFG (Prop_bufg_I_O)         0.091     1.179 r  system_i/processing_system7_0/inst/buffer_fclk_clk_0.FCLK_CLK_0_BUFG/O
                         net (fo=2320, routed)        1.654     2.833    <hidden>
    SLICE_X43Y102        FDCE                                         r  <hidden>

Slack:                    inf
  Source:                 system_i/smartconnect_0/inst/clk_map/psr_aclk/U0/ACTIVE_LOW_BSR_OUT_DFF[0].FDRE_BSR_N/C
                            (rising edge-triggered cell FDRE clocked by clk_fpga_0  {rise@0.000ns fall@5.000ns period=10.000ns})
  Destination:            <hidden>
                            (recovery check against rising-edge clock clk_fpga_0  {rise@0.000ns fall@5.000ns period=10.000ns})
  Path Group:             (none)
  Path Type:              Recovery (Max at Slow Process Corner)
  Data Path Delay:        4.131ns  (logic 0.642ns (15.540%)  route 3.489ns (84.460%))
  Logic Levels:           1  (LUT1=1)
  Clock Path Skew:        -0.104ns (DCD - SCD + CPR)
    Destination Clock Delay (DCD):    2.833ns
    Source Clock Delay      (SCD):    2.937ns
    Clock Pessimism Removal (CPR):    0.000ns
  Clock Uncertainty:      0.154ns  ((TSJ^2 + TIJ^2)^1/2 + DJ) / 2 + PE
    Total System Jitter     (TSJ):    0.071ns
    Total Input Jitter      (TIJ):    0.300ns
    Discrete Jitter          (DJ):    0.000ns
    Phase Error              (PE):    0.000ns
  Timing Exception:       False Path

    Location             Delay type                Incr(ns)  Path(ns)    Netlist Resource(s)
  -------------------------------------------------------------------    -------------------
                         (clock clk_fpga_0 rise edge)
                                                      0.000     0.000 r  
    PS7_X0Y0             PS7                          0.000     0.000 r  system_i/processing_system7_0/inst/PS7_i/FCLKCLK[0]
                         net (fo=1, routed)           1.193     1.193    system_i/processing_system7_0/inst/FCLK_CLK_unbuffered[0]
    BUFGCTRL_X0Y16       BUFG (Prop_bufg_I_O)         0.101     1.294 r  system_i/processing_system7_0/inst/buffer_fclk_clk_0.FCLK_CLK_0_BUFG/O
                         net (fo=2320, routed)        1.643     2.937    system_i/smartconnect_0/inst/clk_map/psr_aclk/U0/aclk
    SLICE_X46Y83         FDRE                                         r  system_i/smartconnect_0/inst/clk_map/psr_aclk/U0/ACTIVE_LOW_BSR_OUT_DFF[0].FDRE_BSR_N/C
  -------------------------------------------------------------------    -------------------
    SLICE_X46Y83         FDRE (Prop_fdre_C_Q)         0.518     3.455 r  system_i/smartconnect_0/inst/clk_map/psr_aclk/U0/ACTIVE_LOW_BSR_OUT_DFF[0].FDRE_BSR_N/Q
                         net (fo=35, routed)          2.974     6.429    <hidden>
    SLICE_X44Y102        LUT1 (Prop_lut1_I0_O)        0.124     6.553 f  <hidden>
                         net (fo=3, routed)           0.515     7.068    <hidden>
    SLICE_X43Y102        FDCE                                         f  <hidden>
  -------------------------------------------------------------------    -------------------

                         (clock clk_fpga_0 rise edge)
                                                      0.000     0.000 r  
    PS7_X0Y0             PS7                          0.000     0.000 r  system_i/processing_system7_0/inst/PS7_i/FCLKCLK[0]
                         net (fo=1, routed)           1.088     1.088    system_i/processing_system7_0/inst/FCLK_CLK_unbuffered[0]
    BUFGCTRL_X0Y16       BUFG (Prop_bufg_I_O)         0.091     1.179 r  system_i/processing_system7_0/inst/buffer_fclk_clk_0.FCLK_CLK_0_BUFG/O
                         net (fo=2320, routed)        1.654     2.833    <hidden>
    SLICE_X43Y102        FDCE                                         r  <hidden>

Slack:                    inf
  Source:                 system_i/smartconnect_0/inst/clk_map/psr_aclk/U0/ACTIVE_LOW_BSR_OUT_DFF[0].FDRE_BSR_N/C
                            (rising edge-triggered cell FDRE clocked by clk_fpga_0  {rise@0.000ns fall@5.000ns period=10.000ns})
  Destination:            <hidden>
                            (recovery check against rising-edge clock clk_fpga_0  {rise@0.000ns fall@5.000ns period=10.000ns})
  Path Group:             (none)
  Path Type:              Recovery (Max at Slow Process Corner)
  Data Path Delay:        4.131ns  (logic 0.642ns (15.540%)  route 3.489ns (84.460%))
  Logic Levels:           1  (LUT1=1)
  Clock Path Skew:        -0.104ns (DCD - SCD + CPR)
    Destination Clock Delay (DCD):    2.833ns
    Source Clock Delay      (SCD):    2.937ns
    Clock Pessimism Removal (CPR):    0.000ns
  Clock Uncertainty:      0.154ns  ((TSJ^2 + TIJ^2)^1/2 + DJ) / 2 + PE
    Total System Jitter     (TSJ):    0.071ns
    Total Input Jitter      (TIJ):    0.300ns
    Discrete Jitter          (DJ):    0.000ns
    Phase Error              (PE):    0.000ns
  Timing Exception:       False Path

    Location             Delay type                Incr(ns)  Path(ns)    Netlist Resource(s)
  -------------------------------------------------------------------    -------------------
                         (clock clk_fpga_0 rise edge)
                                                      0.000     0.000 r  
    PS7_X0Y0             PS7                          0.000     0.000 r  system_i/processing_system7_0/inst/PS7_i/FCLKCLK[0]
                         net (fo=1, routed)           1.193     1.193    system_i/processing_system7_0/inst/FCLK_CLK_unbuffered[0]
    BUFGCTRL_X0Y16       BUFG (Prop_bufg_I_O)         0.101     1.294 r  system_i/processing_system7_0/inst/buffer_fclk_clk_0.FCLK_CLK_0_BUFG/O
                         net (fo=2320, routed)        1.643     2.937    system_i/smartconnect_0/inst/clk_map/psr_aclk/U0/aclk
    SLICE_X46Y83         FDRE                                         r  system_i/smartconnect_0/inst/clk_map/psr_aclk/U0/ACTIVE_LOW_BSR_OUT_DFF[0].FDRE_BSR_N/C
  -------------------------------------------------------------------    -------------------
    SLICE_X46Y83         FDRE (Prop_fdre_C_Q)         0.518     3.455 r  system_i/smartconnect_0/inst/clk_map/psr_aclk/U0/ACTIVE_LOW_BSR_OUT_DFF[0].FDRE_BSR_N/Q
                         net (fo=35, routed)          2.974     6.429    <hidden>
    SLICE_X44Y102        LUT1 (Prop_lut1_I0_O)        0.124     6.553 f  <hidden>
                         net (fo=3, routed)           0.515     7.068    <hidden>
    SLICE_X43Y102        FDCE                                         f  <hidden>
  -------------------------------------------------------------------    -------------------

                         (clock clk_fpga_0 rise edge)
                                                      0.000     0.000 r  
    PS7_X0Y0             PS7                          0.000     0.000 r  system_i/processing_system7_0/inst/PS7_i/FCLKCLK[0]
                         net (fo=1, routed)           1.088     1.088    system_i/processing_system7_0/inst/FCLK_CLK_unbuffered[0]
    BUFGCTRL_X0Y16       BUFG (Prop_bufg_I_O)         0.091     1.179 r  system_i/processing_system7_0/inst/buffer_fclk_clk_0.FCLK_CLK_0_BUFG/O
                         net (fo=2320, routed)        1.654     2.833    <hidden>
    SLICE_X43Y102        FDCE                                         r  <hidden>

Slack:                    inf
  Source:                 system_i/smartconnect_0/inst/clk_map/psr_aclk/U0/ACTIVE_LOW_BSR_OUT_DFF[0].FDRE_BSR_N/C
                            (rising edge-triggered cell FDRE clocked by clk_fpga_0  {rise@0.000ns fall@5.000ns period=10.000ns})
  Destination:            <hidden>
                            (recovery check against rising-edge clock clk_fpga_0  {rise@0.000ns fall@5.000ns period=10.000ns})
  Path Group:             (none)
  Path Type:              Recovery (Max at Slow Process Corner)
  Data Path Delay:        4.077ns  (logic 0.642ns (15.745%)  route 3.435ns (84.255%))
  Logic Levels:           1  (LUT1=1)
  Clock Path Skew:        -0.248ns (DCD - SCD + CPR)
    Destination Clock Delay (DCD):    2.689ns
    Source Clock Delay      (SCD):    2.937ns
    Clock Pessimism Removal (CPR):    0.000ns
  Clock Uncertainty:      0.154ns  ((TSJ^2 + TIJ^2)^1/2 + DJ) / 2 + PE
    Total System Jitter     (TSJ):    0.071ns
    Total Input Jitter      (TIJ):    0.300ns
    Discrete Jitter          (DJ):    0.000ns
    Phase Error              (PE):    0.000ns
  Timing Exception:       False Path

    Location             Delay type                Incr(ns)  Path(ns)    Netlist Resource(s)
  -------------------------------------------------------------------    -------------------
                         (clock clk_fpga_0 rise edge)
                                                      0.000     0.000 r  
    PS7_X0Y0             PS7                          0.000     0.000 r  system_i/processing_system7_0/inst/PS7_i/FCLKCLK[0]
                         net (fo=1, routed)           1.193     1.193    system_i/processing_system7_0/inst/FCLK_CLK_unbuffered[0]
    BUFGCTRL_X0Y16       BUFG (Prop_bufg_I_O)         0.101     1.294 r  system_i/processing_system7_0/inst/buffer_fclk_clk_0.FCLK_CLK_0_BUFG/O
                         net (fo=2320, routed)        1.643     2.937    system_i/smartconnect_0/inst/clk_map/psr_aclk/U0/aclk
    SLICE_X46Y83         FDRE                                         r  system_i/smartconnect_0/inst/clk_map/psr_aclk/U0/ACTIVE_LOW_BSR_OUT_DFF[0].FDRE_BSR_N/C
  -------------------------------------------------------------------    -------------------
    SLICE_X46Y83         FDRE (Prop_fdre_C_Q)         0.518     3.455 r  system_i/smartconnect_0/inst/clk_map/psr_aclk/U0/ACTIVE_LOW_BSR_OUT_DFF[0].FDRE_BSR_N/Q
                         net (fo=35, routed)          2.750     6.205    <hidden>
    SLICE_X27Y74         LUT1 (Prop_lut1_I0_O)        0.124     6.329 f  <hidden>
                         net (fo=3, routed)           0.685     7.014    <hidden>
    SLICE_X27Y70         FDCE                                         f  <hidden>
  -------------------------------------------------------------------    -------------------

                         (clock clk_fpga_0 rise edge)
                                                      0.000     0.000 r  
    PS7_X0Y0             PS7                          0.000     0.000 r  system_i/processing_system7_0/inst/PS7_i/FCLKCLK[0]
                         net (fo=1, routed)           1.088     1.088    system_i/processing_system7_0/inst/FCLK_CLK_unbuffered[0]
    BUFGCTRL_X0Y16       BUFG (Prop_bufg_I_O)         0.091     1.179 r  system_i/processing_system7_0/inst/buffer_fclk_clk_0.FCLK_CLK_0_BUFG/O
                         net (fo=2320, routed)        1.510     2.689    <hidden>
    SLICE_X27Y70         FDCE                                         r  <hidden>

Slack:                    inf
  Source:                 system_i/smartconnect_0/inst/clk_map/psr_aclk/U0/ACTIVE_LOW_BSR_OUT_DFF[0].FDRE_BSR_N/C
                            (rising edge-triggered cell FDRE clocked by clk_fpga_0  {rise@0.000ns fall@5.000ns period=10.000ns})
  Destination:            <hidden>
                            (recovery check against rising-edge clock clk_fpga_0  {rise@0.000ns fall@5.000ns period=10.000ns})
  Path Group:             (none)
  Path Type:              Recovery (Max at Slow Process Corner)
  Data Path Delay:        4.077ns  (logic 0.642ns (15.745%)  route 3.435ns (84.255%))
  Logic Levels:           1  (LUT1=1)
  Clock Path Skew:        -0.248ns (DCD - SCD + CPR)
    Destination Clock Delay (DCD):    2.689ns
    Source Clock Delay      (SCD):    2.937ns
    Clock Pessimism Removal (CPR):    0.000ns
  Clock Uncertainty:      0.154ns  ((TSJ^2 + TIJ^2)^1/2 + DJ) / 2 + PE
    Total System Jitter     (TSJ):    0.071ns
    Total Input Jitter      (TIJ):    0.300ns
    Discrete Jitter          (DJ):    0.000ns
    Phase Error              (PE):    0.000ns
  Timing Exception:       False Path

    Location             Delay type                Incr(ns)  Path(ns)    Netlist Resource(s)
  -------------------------------------------------------------------    -------------------
                         (clock clk_fpga_0 rise edge)
                                                      0.000     0.000 r  
    PS7_X0Y0             PS7                          0.000     0.000 r  system_i/processing_system7_0/inst/PS7_i/FCLKCLK[0]
                         net (fo=1, routed)           1.193     1.193    system_i/processing_system7_0/inst/FCLK_CLK_unbuffered[0]
    BUFGCTRL_X0Y16       BUFG (Prop_bufg_I_O)         0.101     1.294 r  system_i/processing_system7_0/inst/buffer_fclk_clk_0.FCLK_CLK_0_BUFG/O
                         net (fo=2320, routed)        1.643     2.937    system_i/smartconnect_0/inst/clk_map/psr_aclk/U0/aclk
    SLICE_X46Y83         FDRE                                         r  system_i/smartconnect_0/inst/clk_map/psr_aclk/U0/ACTIVE_LOW_BSR_OUT_DFF[0].FDRE_BSR_N/C
  -------------------------------------------------------------------    -------------------
    SLICE_X46Y83         FDRE (Prop_fdre_C_Q)         0.518     3.455 r  system_i/smartconnect_0/inst/clk_map/psr_aclk/U0/ACTIVE_LOW_BSR_OUT_DFF[0].FDRE_BSR_N/Q
                         net (fo=35, routed)          2.750     6.205    <hidden>
    SLICE_X27Y74         LUT1 (Prop_lut1_I0_O)        0.124     6.329 f  <hidden>
                         net (fo=3, routed)           0.685     7.014    <hidden>
    SLICE_X27Y70         FDCE                                         f  <hidden>
  -------------------------------------------------------------------    -------------------

                         (clock clk_fpga_0 rise edge)
                                                      0.000     0.000 r  
    PS7_X0Y0             PS7                          0.000     0.000 r  system_i/processing_system7_0/inst/PS7_i/FCLKCLK[0]
                         net (fo=1, routed)           1.088     1.088    system_i/processing_system7_0/inst/FCLK_CLK_unbuffered[0]
    BUFGCTRL_X0Y16       BUFG (Prop_bufg_I_O)         0.091     1.179 r  system_i/processing_system7_0/inst/buffer_fclk_clk_0.FCLK_CLK_0_BUFG/O
                         net (fo=2320, routed)        1.510     2.689    <hidden>
    SLICE_X27Y70         FDCE                                         r  <hidden>

Slack:                    inf
  Source:                 system_i/smartconnect_0/inst/clk_map/psr_aclk/U0/ACTIVE_LOW_BSR_OUT_DFF[0].FDRE_BSR_N/C
                            (rising edge-triggered cell FDRE clocked by clk_fpga_0  {rise@0.000ns fall@5.000ns period=10.000ns})
  Destination:            <hidden>
                            (recovery check against rising-edge clock clk_fpga_0  {rise@0.000ns fall@5.000ns period=10.000ns})
  Path Group:             (none)
  Path Type:              Recovery (Max at Slow Process Corner)
  Data Path Delay:        4.077ns  (logic 0.642ns (15.745%)  route 3.435ns (84.255%))
  Logic Levels:           1  (LUT1=1)
  Clock Path Skew:        -0.248ns (DCD - SCD + CPR)
    Destination Clock Delay (DCD):    2.689ns
    Source Clock Delay      (SCD):    2.937ns
    Clock Pessimism Removal (CPR):    0.000ns
  Clock Uncertainty:      0.154ns  ((TSJ^2 + TIJ^2)^1/2 + DJ) / 2 + PE
    Total System Jitter     (TSJ):    0.071ns
    Total Input Jitter      (TIJ):    0.300ns
    Discrete Jitter          (DJ):    0.000ns
    Phase Error              (PE):    0.000ns
  Timing Exception:       False Path

    Location             Delay type                Incr(ns)  Path(ns)    Netlist Resource(s)
  -------------------------------------------------------------------    -------------------
                         (clock clk_fpga_0 rise edge)
                                                      0.000     0.000 r  
    PS7_X0Y0             PS7                          0.000     0.000 r  system_i/processing_system7_0/inst/PS7_i/FCLKCLK[0]
                         net (fo=1, routed)           1.193     1.193    system_i/processing_system7_0/inst/FCLK_CLK_unbuffered[0]
    BUFGCTRL_X0Y16       BUFG (Prop_bufg_I_O)         0.101     1.294 r  system_i/processing_system7_0/inst/buffer_fclk_clk_0.FCLK_CLK_0_BUFG/O
                         net (fo=2320, routed)        1.643     2.937    system_i/smartconnect_0/inst/clk_map/psr_aclk/U0/aclk
    SLICE_X46Y83         FDRE                                         r  system_i/smartconnect_0/inst/clk_map/psr_aclk/U0/ACTIVE_LOW_BSR_OUT_DFF[0].FDRE_BSR_N/C
  -------------------------------------------------------------------    -------------------
    SLICE_X46Y83         FDRE (Prop_fdre_C_Q)         0.518     3.455 r  system_i/smartconnect_0/inst/clk_map/psr_aclk/U0/ACTIVE_LOW_BSR_OUT_DFF[0].FDRE_BSR_N/Q
                         net (fo=35, routed)          2.750     6.205    <hidden>
    SLICE_X27Y74         LUT1 (Prop_lut1_I0_O)        0.124     6.329 f  <hidden>
                         net (fo=3, routed)           0.685     7.014    <hidden>
    SLICE_X27Y70         FDCE                                         f  <hidden>
  -------------------------------------------------------------------    -------------------

                         (clock clk_fpga_0 rise edge)
                                                      0.000     0.000 r  
    PS7_X0Y0             PS7                          0.000     0.000 r  system_i/processing_system7_0/inst/PS7_i/FCLKCLK[0]
                         net (fo=1, routed)           1.088     1.088    system_i/processing_system7_0/inst/FCLK_CLK_unbuffered[0]
    BUFGCTRL_X0Y16       BUFG (Prop_bufg_I_O)         0.091     1.179 r  system_i/processing_system7_0/inst/buffer_fclk_clk_0.FCLK_CLK_0_BUFG/O
                         net (fo=2320, routed)        1.510     2.689    <hidden>
    SLICE_X27Y70         FDCE                                         r  <hidden>

Slack:                    inf
  Source:                 system_i/smartconnect_0/inst/clk_map/psr_aclk/U0/ACTIVE_LOW_BSR_OUT_DFF[0].FDRE_BSR_N/C
                            (rising edge-triggered cell FDRE clocked by clk_fpga_0  {rise@0.000ns fall@5.000ns period=10.000ns})
  Destination:            <hidden>
                            (recovery check against rising-edge clock clk_fpga_0  {rise@0.000ns fall@5.000ns period=10.000ns})
  Path Group:             (none)
  Path Type:              Recovery (Max at Slow Process Corner)
  Data Path Delay:        4.032ns  (logic 0.642ns (15.923%)  route 3.390ns (84.077%))
  Logic Levels:           1  (LUT1=1)
  Clock Path Skew:        -0.104ns (DCD - SCD + CPR)
    Destination Clock Delay (DCD):    2.833ns
    Source Clock Delay      (SCD):    2.937ns
    Clock Pessimism Removal (CPR):    0.000ns
  Clock Uncertainty:      0.154ns  ((TSJ^2 + TIJ^2)^1/2 + DJ) / 2 + PE
    Total System Jitter     (TSJ):    0.071ns
    Total Input Jitter      (TIJ):    0.300ns
    Discrete Jitter          (DJ):    0.000ns
    Phase Error              (PE):    0.000ns
  Timing Exception:       False Path

    Location             Delay type                Incr(ns)  Path(ns)    Netlist Resource(s)
  -------------------------------------------------------------------    -------------------
                         (clock clk_fpga_0 rise edge)
                                                      0.000     0.000 r  
    PS7_X0Y0             PS7                          0.000     0.000 r  system_i/processing_system7_0/inst/PS7_i/FCLKCLK[0]
                         net (fo=1, routed)           1.193     1.193    system_i/processing_system7_0/inst/FCLK_CLK_unbuffered[0]
    BUFGCTRL_X0Y16       BUFG (Prop_bufg_I_O)         0.101     1.294 r  system_i/processing_system7_0/inst/buffer_fclk_clk_0.FCLK_CLK_0_BUFG/O
                         net (fo=2320, routed)        1.643     2.937    system_i/smartconnect_0/inst/clk_map/psr_aclk/U0/aclk
    SLICE_X46Y83         FDRE                                         r  system_i/smartconnect_0/inst/clk_map/psr_aclk/U0/ACTIVE_LOW_BSR_OUT_DFF[0].FDRE_BSR_N/C
  -------------------------------------------------------------------    -------------------
    SLICE_X46Y83         FDRE (Prop_fdre_C_Q)         0.518     3.455 r  system_i/smartconnect_0/inst/clk_map/psr_aclk/U0/ACTIVE_LOW_BSR_OUT_DFF[0].FDRE_BSR_N/Q
                         net (fo=35, routed)          2.672     6.127    <hidden>
    SLICE_X41Y101        LUT1 (Prop_lut1_I0_O)        0.124     6.251 f  <hidden>
                         net (fo=3, routed)           0.718     6.969    <hidden>
    SLICE_X41Y100        FDCE                                         f  <hidden>
  -------------------------------------------------------------------    -------------------

                         (clock clk_fpga_0 rise edge)
                                                      0.000     0.000 r  
    PS7_X0Y0             PS7                          0.000     0.000 r  system_i/processing_system7_0/inst/PS7_i/FCLKCLK[0]
                         net (fo=1, routed)           1.088     1.088    system_i/processing_system7_0/inst/FCLK_CLK_unbuffered[0]
    BUFGCTRL_X0Y16       BUFG (Prop_bufg_I_O)         0.091     1.179 r  system_i/processing_system7_0/inst/buffer_fclk_clk_0.FCLK_CLK_0_BUFG/O
                         net (fo=2320, routed)        1.654     2.833    <hidden>
    SLICE_X41Y100        FDCE                                         r  <hidden>





Min Delay Paths
--------------------------------------------------------------------------------------
Slack:                    inf
  Source:                 system_i/smartconnect_0/inst/clk_map/psr_aclk/U0/ACTIVE_LOW_BSR_OUT_DFF[0].FDRE_BSR_N/C
                            (rising edge-triggered cell FDRE clocked by clk_fpga_0  {rise@0.000ns fall@5.000ns period=10.000ns})
  Destination:            <hidden>
                            (removal check against rising-edge clock clk_fpga_0  {rise@0.000ns fall@5.000ns period=10.000ns})
  Path Group:             (none)
  Path Type:              Removal (Min at Fast Process Corner)
  Data Path Delay:        0.619ns  (logic 0.213ns (34.435%)  route 0.406ns (65.565%))
  Logic Levels:           1  (LUT1=1)
  Clock Path Skew:        0.299ns (DCD - SCD - CPR)
    Destination Clock Delay (DCD):    1.186ns
    Source Clock Delay      (SCD):    0.887ns
    Clock Pessimism Removal (CPR):    -0.000ns
  Clock Uncertainty:      0.154ns  ((TSJ^2 + TIJ^2)^1/2 + DJ) / 2 + PE
    Total System Jitter     (TSJ):    0.071ns
    Total Input Jitter      (TIJ):    0.300ns
    Discrete Jitter          (DJ):    0.000ns
    Phase Error              (PE):    0.000ns
  Timing Exception:       False Path

    Location             Delay type                Incr(ns)  Path(ns)    Netlist Resource(s)
  -------------------------------------------------------------------    -------------------
                         (clock clk_fpga_0 rise edge)
                                                      0.000     0.000 r  
    PS7_X0Y0             PS7                          0.000     0.000 r  system_i/processing_system7_0/inst/PS7_i/FCLKCLK[0]
                         net (fo=1, routed)           0.310     0.310    system_i/processing_system7_0/inst/FCLK_CLK_unbuffered[0]
    BUFGCTRL_X0Y16       BUFG (Prop_bufg_I_O)         0.026     0.336 r  system_i/processing_system7_0/inst/buffer_fclk_clk_0.FCLK_CLK_0_BUFG/O
                         net (fo=2320, routed)        0.551     0.887    system_i/smartconnect_0/inst/clk_map/psr_aclk/U0/aclk
    SLICE_X46Y83         FDRE                                         r  system_i/smartconnect_0/inst/clk_map/psr_aclk/U0/ACTIVE_LOW_BSR_OUT_DFF[0].FDRE_BSR_N/C
  -------------------------------------------------------------------    -------------------
    SLICE_X46Y83         FDRE (Prop_fdre_C_Q)         0.164     1.051 r  system_i/smartconnect_0/inst/clk_map/psr_aclk/U0/ACTIVE_LOW_BSR_OUT_DFF[0].FDRE_BSR_N/Q
                         net (fo=35, routed)          0.276     1.326    <hidden>
    SLICE_X47Y87         LUT1 (Prop_lut1_I0_O)        0.049     1.375 f  <hidden>
                         net (fo=3, routed)           0.130     1.505    <hidden>
    SLICE_X48Y87         FDCE                                         f  <hidden>
  -------------------------------------------------------------------    -------------------

                         (clock clk_fpga_0 rise edge)
                                                      0.000     0.000 r  
    PS7_X0Y0             PS7                          0.000     0.000 r  system_i/processing_system7_0/inst/PS7_i/FCLKCLK[0]
                         net (fo=1, routed)           0.337     0.337    system_i/processing_system7_0/inst/FCLK_CLK_unbuffered[0]
    BUFGCTRL_X0Y16       BUFG (Prop_bufg_I_O)         0.029     0.366 r  system_i/processing_system7_0/inst/buffer_fclk_clk_0.FCLK_CLK_0_BUFG/O
                         net (fo=2320, routed)        0.820     1.186    <hidden>
    SLICE_X48Y87         FDCE                                         r  <hidden>

Slack:                    inf
  Source:                 system_i/smartconnect_0/inst/clk_map/psr_aclk/U0/ACTIVE_LOW_BSR_OUT_DFF[0].FDRE_BSR_N/C
                            (rising edge-triggered cell FDRE clocked by clk_fpga_0  {rise@0.000ns fall@5.000ns period=10.000ns})
  Destination:            <hidden>
                            (removal check against rising-edge clock clk_fpga_0  {rise@0.000ns fall@5.000ns period=10.000ns})
  Path Group:             (none)
  Path Type:              Removal (Min at Fast Process Corner)
  Data Path Delay:        0.619ns  (logic 0.213ns (34.435%)  route 0.406ns (65.565%))
  Logic Levels:           1  (LUT1=1)
  Clock Path Skew:        0.299ns (DCD - SCD - CPR)
    Destination Clock Delay (DCD):    1.186ns
    Source Clock Delay      (SCD):    0.887ns
    Clock Pessimism Removal (CPR):    -0.000ns
  Clock Uncertainty:      0.154ns  ((TSJ^2 + TIJ^2)^1/2 + DJ) / 2 + PE
    Total System Jitter     (TSJ):    0.071ns
    Total Input Jitter      (TIJ):    0.300ns
    Discrete Jitter          (DJ):    0.000ns
    Phase Error              (PE):    0.000ns
  Timing Exception:       False Path

    Location             Delay type                Incr(ns)  Path(ns)    Netlist Resource(s)
  -------------------------------------------------------------------    -------------------
                         (clock clk_fpga_0 rise edge)
                                                      0.000     0.000 r  
    PS7_X0Y0             PS7                          0.000     0.000 r  system_i/processing_system7_0/inst/PS7_i/FCLKCLK[0]
                         net (fo=1, routed)           0.310     0.310    system_i/processing_system7_0/inst/FCLK_CLK_unbuffered[0]
    BUFGCTRL_X0Y16       BUFG (Prop_bufg_I_O)         0.026     0.336 r  system_i/processing_system7_0/inst/buffer_fclk_clk_0.FCLK_CLK_0_BUFG/O
                         net (fo=2320, routed)        0.551     0.887    system_i/smartconnect_0/inst/clk_map/psr_aclk/U0/aclk
    SLICE_X46Y83         FDRE                                         r  system_i/smartconnect_0/inst/clk_map/psr_aclk/U0/ACTIVE_LOW_BSR_OUT_DFF[0].FDRE_BSR_N/C
  -------------------------------------------------------------------    -------------------
    SLICE_X46Y83         FDRE (Prop_fdre_C_Q)         0.164     1.051 r  system_i/smartconnect_0/inst/clk_map/psr_aclk/U0/ACTIVE_LOW_BSR_OUT_DFF[0].FDRE_BSR_N/Q
                         net (fo=35, routed)          0.276     1.326    <hidden>
    SLICE_X47Y87         LUT1 (Prop_lut1_I0_O)        0.049     1.375 f  <hidden>
                         net (fo=3, routed)           0.130     1.505    <hidden>
    SLICE_X48Y87         FDCE                                         f  <hidden>
  -------------------------------------------------------------------    -------------------

                         (clock clk_fpga_0 rise edge)
                                                      0.000     0.000 r  
    PS7_X0Y0             PS7                          0.000     0.000 r  system_i/processing_system7_0/inst/PS7_i/FCLKCLK[0]
                         net (fo=1, routed)           0.337     0.337    system_i/processing_system7_0/inst/FCLK_CLK_unbuffered[0]
    BUFGCTRL_X0Y16       BUFG (Prop_bufg_I_O)         0.029     0.366 r  system_i/processing_system7_0/inst/buffer_fclk_clk_0.FCLK_CLK_0_BUFG/O
                         net (fo=2320, routed)        0.820     1.186    <hidden>
    SLICE_X48Y87         FDCE                                         r  <hidden>

Slack:                    inf
  Source:                 system_i/smartconnect_0/inst/clk_map/psr_aclk/U0/ACTIVE_LOW_BSR_OUT_DFF[0].FDRE_BSR_N/C
                            (rising edge-triggered cell FDRE clocked by clk_fpga_0  {rise@0.000ns fall@5.000ns period=10.000ns})
  Destination:            <hidden>
                            (removal check against rising-edge clock clk_fpga_0  {rise@0.000ns fall@5.000ns period=10.000ns})
  Path Group:             (none)
  Path Type:              Removal (Min at Fast Process Corner)
  Data Path Delay:        0.619ns  (logic 0.213ns (34.435%)  route 0.406ns (65.565%))
  Logic Levels:           1  (LUT1=1)
  Clock Path Skew:        0.299ns (DCD - SCD - CPR)
    Destination Clock Delay (DCD):    1.186ns
    Source Clock Delay      (SCD):    0.887ns
    Clock Pessimism Removal (CPR):    -0.000ns
  Clock Uncertainty:      0.154ns  ((TSJ^2 + TIJ^2)^1/2 + DJ) / 2 + PE
    Total System Jitter     (TSJ):    0.071ns
    Total Input Jitter      (TIJ):    0.300ns
    Discrete Jitter          (DJ):    0.000ns
    Phase Error              (PE):    0.000ns
  Timing Exception:       False Path

    Location             Delay type                Incr(ns)  Path(ns)    Netlist Resource(s)
  -------------------------------------------------------------------    -------------------
                         (clock clk_fpga_0 rise edge)
                                                      0.000     0.000 r  
    PS7_X0Y0             PS7                          0.000     0.000 r  system_i/processing_system7_0/inst/PS7_i/FCLKCLK[0]
                         net (fo=1, routed)           0.310     0.310    system_i/processing_system7_0/inst/FCLK_CLK_unbuffered[0]
    BUFGCTRL_X0Y16       BUFG (Prop_bufg_I_O)         0.026     0.336 r  system_i/processing_system7_0/inst/buffer_fclk_clk_0.FCLK_CLK_0_BUFG/O
                         net (fo=2320, routed)        0.551     0.887    system_i/smartconnect_0/inst/clk_map/psr_aclk/U0/aclk
    SLICE_X46Y83         FDRE                                         r  system_i/smartconnect_0/inst/clk_map/psr_aclk/U0/ACTIVE_LOW_BSR_OUT_DFF[0].FDRE_BSR_N/C
  -------------------------------------------------------------------    -------------------
    SLICE_X46Y83         FDRE (Prop_fdre_C_Q)         0.164     1.051 r  system_i/smartconnect_0/inst/clk_map/psr_aclk/U0/ACTIVE_LOW_BSR_OUT_DFF[0].FDRE_BSR_N/Q
                         net (fo=35, routed)          0.276     1.326    <hidden>
    SLICE_X47Y87         LUT1 (Prop_lut1_I0_O)        0.049     1.375 f  <hidden>
                         net (fo=3, routed)           0.130     1.505    <hidden>
    SLICE_X48Y87         FDCE                                         f  <hidden>
  -------------------------------------------------------------------    -------------------

                         (clock clk_fpga_0 rise edge)
                                                      0.000     0.000 r  
    PS7_X0Y0             PS7                          0.000     0.000 r  system_i/processing_system7_0/inst/PS7_i/FCLKCLK[0]
                         net (fo=1, routed)           0.337     0.337    system_i/processing_system7_0/inst/FCLK_CLK_unbuffered[0]
    BUFGCTRL_X0Y16       BUFG (Prop_bufg_I_O)         0.029     0.366 r  system_i/processing_system7_0/inst/buffer_fclk_clk_0.FCLK_CLK_0_BUFG/O
                         net (fo=2320, routed)        0.820     1.186    <hidden>
    SLICE_X48Y87         FDCE                                         r  <hidden>

Slack:                    inf
  Source:                 system_i/smartconnect_0/inst/clk_map/psr_aclk/U0/ACTIVE_LOW_BSR_OUT_DFF[0].FDRE_BSR_N/C
                            (rising edge-triggered cell FDRE clocked by clk_fpga_0  {rise@0.000ns fall@5.000ns period=10.000ns})
  Destination:            <hidden>
                            (removal check against rising-edge clock clk_fpga_0  {rise@0.000ns fall@5.000ns period=10.000ns})
  Path Group:             (none)
  Path Type:              Removal (Min at Fast Process Corner)
  Data Path Delay:        0.705ns  (logic 0.209ns (29.659%)  route 0.496ns (70.341%))
  Logic Levels:           1  (LUT1=1)
  Clock Path Skew:        0.299ns (DCD - SCD - CPR)
    Destination Clock Delay (DCD):    1.186ns
    Source Clock Delay      (SCD):    0.887ns
    Clock Pessimism Removal (CPR):    -0.000ns
  Clock Uncertainty:      0.154ns  ((TSJ^2 + TIJ^2)^1/2 + DJ) / 2 + PE
    Total System Jitter     (TSJ):    0.071ns
    Total Input Jitter      (TIJ):    0.300ns
    Discrete Jitter          (DJ):    0.000ns
    Phase Error              (PE):    0.000ns
  Timing Exception:       False Path

    Location             Delay type                Incr(ns)  Path(ns)    Netlist Resource(s)
  -------------------------------------------------------------------    -------------------
                         (clock clk_fpga_0 rise edge)
                                                      0.000     0.000 r  
    PS7_X0Y0             PS7                          0.000     0.000 r  system_i/processing_system7_0/inst/PS7_i/FCLKCLK[0]
                         net (fo=1, routed)           0.310     0.310    system_i/processing_system7_0/inst/FCLK_CLK_unbuffered[0]
    BUFGCTRL_X0Y16       BUFG (Prop_bufg_I_O)         0.026     0.336 r  system_i/processing_system7_0/inst/buffer_fclk_clk_0.FCLK_CLK_0_BUFG/O
                         net (fo=2320, routed)        0.551     0.887    system_i/smartconnect_0/inst/clk_map/psr_aclk/U0/aclk
    SLICE_X46Y83         FDRE                                         r  system_i/smartconnect_0/inst/clk_map/psr_aclk/U0/ACTIVE_LOW_BSR_OUT_DFF[0].FDRE_BSR_N/C
  -------------------------------------------------------------------    -------------------
    SLICE_X46Y83         FDRE (Prop_fdre_C_Q)         0.164     1.051 r  system_i/smartconnect_0/inst/clk_map/psr_aclk/U0/ACTIVE_LOW_BSR_OUT_DFF[0].FDRE_BSR_N/Q
                         net (fo=35, routed)          0.276     1.326    <hidden>
    SLICE_X47Y87         LUT1 (Prop_lut1_I0_O)        0.045     1.371 f  <hidden>
                         net (fo=3, routed)           0.220     1.591    <hidden>
    SLICE_X45Y87         FDCE                                         f  <hidden>
  -------------------------------------------------------------------    -------------------

                         (clock clk_fpga_0 rise edge)
                                                      0.000     0.000 r  
    PS7_X0Y0             PS7                          0.000     0.000 r  system_i/processing_system7_0/inst/PS7_i/FCLKCLK[0]
                         net (fo=1, routed)           0.337     0.337    system_i/processing_system7_0/inst/FCLK_CLK_unbuffered[0]
    BUFGCTRL_X0Y16       BUFG (Prop_bufg_I_O)         0.029     0.366 r  system_i/processing_system7_0/inst/buffer_fclk_clk_0.FCLK_CLK_0_BUFG/O
                         net (fo=2320, routed)        0.820     1.186    <hidden>
    SLICE_X45Y87         FDCE                                         r  <hidden>

Slack:                    inf
  Source:                 system_i/smartconnect_0/inst/clk_map/psr_aclk/U0/ACTIVE_LOW_BSR_OUT_DFF[0].FDRE_BSR_N/C
                            (rising edge-triggered cell FDRE clocked by clk_fpga_0  {rise@0.000ns fall@5.000ns period=10.000ns})
  Destination:            <hidden>
                            (removal check against rising-edge clock clk_fpga_0  {rise@0.000ns fall@5.000ns period=10.000ns})
  Path Group:             (none)
  Path Type:              Removal (Min at Fast Process Corner)
  Data Path Delay:        0.705ns  (logic 0.209ns (29.659%)  route 0.496ns (70.341%))
  Logic Levels:           1  (LUT1=1)
  Clock Path Skew:        0.299ns (DCD - SCD - CPR)
    Destination Clock Delay (DCD):    1.186ns
    Source Clock Delay      (SCD):    0.887ns
    Clock Pessimism Removal (CPR):    -0.000ns
  Clock Uncertainty:      0.154ns  ((TSJ^2 + TIJ^2)^1/2 + DJ) / 2 + PE
    Total System Jitter     (TSJ):    0.071ns
    Total Input Jitter      (TIJ):    0.300ns
    Discrete Jitter          (DJ):    0.000ns
    Phase Error              (PE):    0.000ns
  Timing Exception:       False Path

    Location             Delay type                Incr(ns)  Path(ns)    Netlist Resource(s)
  -------------------------------------------------------------------    -------------------
                         (clock clk_fpga_0 rise edge)
                                                      0.000     0.000 r  
    PS7_X0Y0             PS7                          0.000     0.000 r  system_i/processing_system7_0/inst/PS7_i/FCLKCLK[0]
                         net (fo=1, routed)           0.310     0.310    system_i/processing_system7_0/inst/FCLK_CLK_unbuffered[0]
    BUFGCTRL_X0Y16       BUFG (Prop_bufg_I_O)         0.026     0.336 r  system_i/processing_system7_0/inst/buffer_fclk_clk_0.FCLK_CLK_0_BUFG/O
                         net (fo=2320, routed)        0.551     0.887    system_i/smartconnect_0/inst/clk_map/psr_aclk/U0/aclk
    SLICE_X46Y83         FDRE                                         r  system_i/smartconnect_0/inst/clk_map/psr_aclk/U0/ACTIVE_LOW_BSR_OUT_DFF[0].FDRE_BSR_N/C
  -------------------------------------------------------------------    -------------------
    SLICE_X46Y83         FDRE (Prop_fdre_C_Q)         0.164     1.051 r  system_i/smartconnect_0/inst/clk_map/psr_aclk/U0/ACTIVE_LOW_BSR_OUT_DFF[0].FDRE_BSR_N/Q
                         net (fo=35, routed)          0.276     1.326    <hidden>
    SLICE_X47Y87         LUT1 (Prop_lut1_I0_O)        0.045     1.371 f  <hidden>
                         net (fo=3, routed)           0.220     1.591    <hidden>
    SLICE_X45Y87         FDCE                                         f  <hidden>
  -------------------------------------------------------------------    -------------------

                         (clock clk_fpga_0 rise edge)
                                                      0.000     0.000 r  
    PS7_X0Y0             PS7                          0.000     0.000 r  system_i/processing_system7_0/inst/PS7_i/FCLKCLK[0]
                         net (fo=1, routed)           0.337     0.337    system_i/processing_system7_0/inst/FCLK_CLK_unbuffered[0]
    BUFGCTRL_X0Y16       BUFG (Prop_bufg_I_O)         0.029     0.366 r  system_i/processing_system7_0/inst/buffer_fclk_clk_0.FCLK_CLK_0_BUFG/O
                         net (fo=2320, routed)        0.820     1.186    <hidden>
    SLICE_X45Y87         FDCE                                         r  <hidden>

Slack:                    inf
  Source:                 system_i/smartconnect_0/inst/clk_map/psr_aclk/U0/ACTIVE_LOW_BSR_OUT_DFF[0].FDRE_BSR_N/C
                            (rising edge-triggered cell FDRE clocked by clk_fpga_0  {rise@0.000ns fall@5.000ns period=10.000ns})
  Destination:            <hidden>
                            (removal check against rising-edge clock clk_fpga_0  {rise@0.000ns fall@5.000ns period=10.000ns})
  Path Group:             (none)
  Path Type:              Removal (Min at Fast Process Corner)
  Data Path Delay:        0.705ns  (logic 0.209ns (29.659%)  route 0.496ns (70.341%))
  Logic Levels:           1  (LUT1=1)
  Clock Path Skew:        0.299ns (DCD - SCD - CPR)
    Destination Clock Delay (DCD):    1.186ns
    Source Clock Delay      (SCD):    0.887ns
    Clock Pessimism Removal (CPR):    -0.000ns
  Clock Uncertainty:      0.154ns  ((TSJ^2 + TIJ^2)^1/2 + DJ) / 2 + PE
    Total System Jitter     (TSJ):    0.071ns
    Total Input Jitter      (TIJ):    0.300ns
    Discrete Jitter          (DJ):    0.000ns
    Phase Error              (PE):    0.000ns
  Timing Exception:       False Path

    Location             Delay type                Incr(ns)  Path(ns)    Netlist Resource(s)
  -------------------------------------------------------------------    -------------------
                         (clock clk_fpga_0 rise edge)
                                                      0.000     0.000 r  
    PS7_X0Y0             PS7                          0.000     0.000 r  system_i/processing_system7_0/inst/PS7_i/FCLKCLK[0]
                         net (fo=1, routed)           0.310     0.310    system_i/processing_system7_0/inst/FCLK_CLK_unbuffered[0]
    BUFGCTRL_X0Y16       BUFG (Prop_bufg_I_O)         0.026     0.336 r  system_i/processing_system7_0/inst/buffer_fclk_clk_0.FCLK_CLK_0_BUFG/O
                         net (fo=2320, routed)        0.551     0.887    system_i/smartconnect_0/inst/clk_map/psr_aclk/U0/aclk
    SLICE_X46Y83         FDRE                                         r  system_i/smartconnect_0/inst/clk_map/psr_aclk/U0/ACTIVE_LOW_BSR_OUT_DFF[0].FDRE_BSR_N/C
  -------------------------------------------------------------------    -------------------
    SLICE_X46Y83         FDRE (Prop_fdre_C_Q)         0.164     1.051 r  system_i/smartconnect_0/inst/clk_map/psr_aclk/U0/ACTIVE_LOW_BSR_OUT_DFF[0].FDRE_BSR_N/Q
                         net (fo=35, routed)          0.276     1.326    <hidden>
    SLICE_X47Y87         LUT1 (Prop_lut1_I0_O)        0.045     1.371 f  <hidden>
                         net (fo=3, routed)           0.220     1.591    <hidden>
    SLICE_X45Y87         FDCE                                         f  <hidden>
  -------------------------------------------------------------------    -------------------

                         (clock clk_fpga_0 rise edge)
                                                      0.000     0.000 r  
    PS7_X0Y0             PS7                          0.000     0.000 r  system_i/processing_system7_0/inst/PS7_i/FCLKCLK[0]
                         net (fo=1, routed)           0.337     0.337    system_i/processing_system7_0/inst/FCLK_CLK_unbuffered[0]
    BUFGCTRL_X0Y16       BUFG (Prop_bufg_I_O)         0.029     0.366 r  system_i/processing_system7_0/inst/buffer_fclk_clk_0.FCLK_CLK_0_BUFG/O
                         net (fo=2320, routed)        0.820     1.186    <hidden>
    SLICE_X45Y87         FDCE                                         r  <hidden>

Slack:                    inf
  Source:                 system_i/smartconnect_0/inst/clk_map/psr_aclk/U0/ACTIVE_LOW_BSR_OUT_DFF[0].FDRE_BSR_N/C
                            (rising edge-triggered cell FDRE clocked by clk_fpga_0  {rise@0.000ns fall@5.000ns period=10.000ns})
  Destination:            <hidden>
                            (removal check against rising-edge clock clk_fpga_0  {rise@0.000ns fall@5.000ns period=10.000ns})
  Path Group:             (none)
  Path Type:              Removal (Min at Fast Process Corner)
  Data Path Delay:        0.715ns  (logic 0.209ns (29.218%)  route 0.506ns (70.782%))
  Logic Levels:           1  (LUT1=1)
  Clock Path Skew:        0.299ns (DCD - SCD - CPR)
    Destination Clock Delay (DCD):    1.186ns
    Source Clock Delay      (SCD):    0.887ns
    Clock Pessimism Removal (CPR):    -0.000ns
  Clock Uncertainty:      0.154ns  ((TSJ^2 + TIJ^2)^1/2 + DJ) / 2 + PE
    Total System Jitter     (TSJ):    0.071ns
    Total Input Jitter      (TIJ):    0.300ns
    Discrete Jitter          (DJ):    0.000ns
    Phase Error              (PE):    0.000ns
  Timing Exception:       False Path

    Location             Delay type                Incr(ns)  Path(ns)    Netlist Resource(s)
  -------------------------------------------------------------------    -------------------
                         (clock clk_fpga_0 rise edge)
                                                      0.000     0.000 r  
    PS7_X0Y0             PS7                          0.000     0.000 r  system_i/processing_system7_0/inst/PS7_i/FCLKCLK[0]
                         net (fo=1, routed)           0.310     0.310    system_i/processing_system7_0/inst/FCLK_CLK_unbuffered[0]
    BUFGCTRL_X0Y16       BUFG (Prop_bufg_I_O)         0.026     0.336 r  system_i/processing_system7_0/inst/buffer_fclk_clk_0.FCLK_CLK_0_BUFG/O
                         net (fo=2320, routed)        0.551     0.887    system_i/smartconnect_0/inst/clk_map/psr_aclk/U0/aclk
    SLICE_X46Y83         FDRE                                         r  system_i/smartconnect_0/inst/clk_map/psr_aclk/U0/ACTIVE_LOW_BSR_OUT_DFF[0].FDRE_BSR_N/C
  -------------------------------------------------------------------    -------------------
    SLICE_X46Y83         FDRE (Prop_fdre_C_Q)         0.164     1.051 r  system_i/smartconnect_0/inst/clk_map/psr_aclk/U0/ACTIVE_LOW_BSR_OUT_DFF[0].FDRE_BSR_N/Q
                         net (fo=35, routed)          0.276     1.326    <hidden>
    SLICE_X47Y87         LUT1 (Prop_lut1_I0_O)        0.045     1.371 f  <hidden>
                         net (fo=3, routed)           0.231     1.602    <hidden>
    SLICE_X47Y87         FDCE                                         f  <hidden>
  -------------------------------------------------------------------    -------------------

                         (clock clk_fpga_0 rise edge)
                                                      0.000     0.000 r  
    PS7_X0Y0             PS7                          0.000     0.000 r  system_i/processing_system7_0/inst/PS7_i/FCLKCLK[0]
                         net (fo=1, routed)           0.337     0.337    system_i/processing_system7_0/inst/FCLK_CLK_unbuffered[0]
    BUFGCTRL_X0Y16       BUFG (Prop_bufg_I_O)         0.029     0.366 r  system_i/processing_system7_0/inst/buffer_fclk_clk_0.FCLK_CLK_0_BUFG/O
                         net (fo=2320, routed)        0.820     1.186    <hidden>
    SLICE_X47Y87         FDCE                                         r  <hidden>

Slack:                    inf
  Source:                 system_i/smartconnect_0/inst/clk_map/psr_aclk/U0/ACTIVE_LOW_BSR_OUT_DFF[0].FDRE_BSR_N/C
                            (rising edge-triggered cell FDRE clocked by clk_fpga_0  {rise@0.000ns fall@5.000ns period=10.000ns})
  Destination:            <hidden>
                            (removal check against rising-edge clock clk_fpga_0  {rise@0.000ns fall@5.000ns period=10.000ns})
  Path Group:             (none)
  Path Type:              Removal (Min at Fast Process Corner)
  Data Path Delay:        0.715ns  (logic 0.209ns (29.218%)  route 0.506ns (70.782%))
  Logic Levels:           1  (LUT1=1)
  Clock Path Skew:        0.299ns (DCD - SCD - CPR)
    Destination Clock Delay (DCD):    1.186ns
    Source Clock Delay      (SCD):    0.887ns
    Clock Pessimism Removal (CPR):    -0.000ns
  Clock Uncertainty:      0.154ns  ((TSJ^2 + TIJ^2)^1/2 + DJ) / 2 + PE
    Total System Jitter     (TSJ):    0.071ns
    Total Input Jitter      (TIJ):    0.300ns
    Discrete Jitter          (DJ):    0.000ns
    Phase Error              (PE):    0.000ns
  Timing Exception:       False Path

    Location             Delay type                Incr(ns)  Path(ns)    Netlist Resource(s)
  -------------------------------------------------------------------    -------------------
                         (clock clk_fpga_0 rise edge)
                                                      0.000     0.000 r  
    PS7_X0Y0             PS7                          0.000     0.000 r  system_i/processing_system7_0/inst/PS7_i/FCLKCLK[0]
                         net (fo=1, routed)           0.310     0.310    system_i/processing_system7_0/inst/FCLK_CLK_unbuffered[0]
    BUFGCTRL_X0Y16       BUFG (Prop_bufg_I_O)         0.026     0.336 r  system_i/processing_system7_0/inst/buffer_fclk_clk_0.FCLK_CLK_0_BUFG/O
                         net (fo=2320, routed)        0.551     0.887    system_i/smartconnect_0/inst/clk_map/psr_aclk/U0/aclk
    SLICE_X46Y83         FDRE                                         r  system_i/smartconnect_0/inst/clk_map/psr_aclk/U0/ACTIVE_LOW_BSR_OUT_DFF[0].FDRE_BSR_N/C
  -------------------------------------------------------------------    -------------------
    SLICE_X46Y83         FDRE (Prop_fdre_C_Q)         0.164     1.051 r  system_i/smartconnect_0/inst/clk_map/psr_aclk/U0/ACTIVE_LOW_BSR_OUT_DFF[0].FDRE_BSR_N/Q
                         net (fo=35, routed)          0.276     1.326    <hidden>
    SLICE_X47Y87         LUT1 (Prop_lut1_I0_O)        0.045     1.371 f  <hidden>
                         net (fo=3, routed)           0.231     1.602    <hidden>
    SLICE_X47Y87         FDCE                                         f  <hidden>
  -------------------------------------------------------------------    -------------------

                         (clock clk_fpga_0 rise edge)
                                                      0.000     0.000 r  
    PS7_X0Y0             PS7                          0.000     0.000 r  system_i/processing_system7_0/inst/PS7_i/FCLKCLK[0]
                         net (fo=1, routed)           0.337     0.337    system_i/processing_system7_0/inst/FCLK_CLK_unbuffered[0]
    BUFGCTRL_X0Y16       BUFG (Prop_bufg_I_O)         0.029     0.366 r  system_i/processing_system7_0/inst/buffer_fclk_clk_0.FCLK_CLK_0_BUFG/O
                         net (fo=2320, routed)        0.820     1.186    <hidden>
    SLICE_X47Y87         FDCE                                         r  <hidden>

Slack:                    inf
  Source:                 system_i/smartconnect_0/inst/clk_map/psr_aclk/U0/ACTIVE_LOW_BSR_OUT_DFF[0].FDRE_BSR_N/C
                            (rising edge-triggered cell FDRE clocked by clk_fpga_0  {rise@0.000ns fall@5.000ns period=10.000ns})
  Destination:            <hidden>
                            (removal check against rising-edge clock clk_fpga_0  {rise@0.000ns fall@5.000ns period=10.000ns})
  Path Group:             (none)
  Path Type:              Removal (Min at Fast Process Corner)
  Data Path Delay:        0.715ns  (logic 0.209ns (29.218%)  route 0.506ns (70.782%))
  Logic Levels:           1  (LUT1=1)
  Clock Path Skew:        0.299ns (DCD - SCD - CPR)
    Destination Clock Delay (DCD):    1.186ns
    Source Clock Delay      (SCD):    0.887ns
    Clock Pessimism Removal (CPR):    -0.000ns
  Clock Uncertainty:      0.154ns  ((TSJ^2 + TIJ^2)^1/2 + DJ) / 2 + PE
    Total System Jitter     (TSJ):    0.071ns
    Total Input Jitter      (TIJ):    0.300ns
    Discrete Jitter          (DJ):    0.000ns
    Phase Error              (PE):    0.000ns
  Timing Exception:       False Path

    Location             Delay type                Incr(ns)  Path(ns)    Netlist Resource(s)
  -------------------------------------------------------------------    -------------------
                         (clock clk_fpga_0 rise edge)
                                                      0.000     0.000 r  
    PS7_X0Y0             PS7                          0.000     0.000 r  system_i/processing_system7_0/inst/PS7_i/FCLKCLK[0]
                         net (fo=1, routed)           0.310     0.310    system_i/processing_system7_0/inst/FCLK_CLK_unbuffered[0]
    BUFGCTRL_X0Y16       BUFG (Prop_bufg_I_O)         0.026     0.336 r  system_i/processing_system7_0/inst/buffer_fclk_clk_0.FCLK_CLK_0_BUFG/O
                         net (fo=2320, routed)        0.551     0.887    system_i/smartconnect_0/inst/clk_map/psr_aclk/U0/aclk
    SLICE_X46Y83         FDRE                                         r  system_i/smartconnect_0/inst/clk_map/psr_aclk/U0/ACTIVE_LOW_BSR_OUT_DFF[0].FDRE_BSR_N/C
  -------------------------------------------------------------------    -------------------
    SLICE_X46Y83         FDRE (Prop_fdre_C_Q)         0.164     1.051 r  system_i/smartconnect_0/inst/clk_map/psr_aclk/U0/ACTIVE_LOW_BSR_OUT_DFF[0].FDRE_BSR_N/Q
                         net (fo=35, routed)          0.276     1.326    <hidden>
    SLICE_X47Y87         LUT1 (Prop_lut1_I0_O)        0.045     1.371 f  <hidden>
                         net (fo=3, routed)           0.231     1.602    <hidden>
    SLICE_X47Y87         FDCE                                         f  <hidden>
  -------------------------------------------------------------------    -------------------

                         (clock clk_fpga_0 rise edge)
                                                      0.000     0.000 r  
    PS7_X0Y0             PS7                          0.000     0.000 r  system_i/processing_system7_0/inst/PS7_i/FCLKCLK[0]
                         net (fo=1, routed)           0.337     0.337    system_i/processing_system7_0/inst/FCLK_CLK_unbuffered[0]
    BUFGCTRL_X0Y16       BUFG (Prop_bufg_I_O)         0.029     0.366 r  system_i/processing_system7_0/inst/buffer_fclk_clk_0.FCLK_CLK_0_BUFG/O
                         net (fo=2320, routed)        0.820     1.186    <hidden>
    SLICE_X47Y87         FDCE                                         r  <hidden>

Slack:                    inf
  Source:                 system_i/smartconnect_0/inst/clk_map/psr_aclk/U0/ACTIVE_LOW_BSR_OUT_DFF[0].FDRE_BSR_N/C
                            (rising edge-triggered cell FDRE clocked by clk_fpga_0  {rise@0.000ns fall@5.000ns period=10.000ns})
  Destination:            <hidden>
                            (removal check against rising-edge clock clk_fpga_0  {rise@0.000ns fall@5.000ns period=10.000ns})
  Path Group:             (none)
  Path Type:              Removal (Min at Fast Process Corner)
  Data Path Delay:        0.728ns  (logic 0.215ns (29.524%)  route 0.513ns (70.476%))
  Logic Levels:           1  (LUT1=1)
  Clock Path Skew:        0.299ns (DCD - SCD - CPR)
    Destination Clock Delay (DCD):    1.186ns
    Source Clock Delay      (SCD):    0.887ns
    Clock Pessimism Removal (CPR):    -0.000ns
  Clock Uncertainty:      0.154ns  ((TSJ^2 + TIJ^2)^1/2 + DJ) / 2 + PE
    Total System Jitter     (TSJ):    0.071ns
    Total Input Jitter      (TIJ):    0.300ns
    Discrete Jitter          (DJ):    0.000ns
    Phase Error              (PE):    0.000ns
  Timing Exception:       False Path

    Location             Delay type                Incr(ns)  Path(ns)    Netlist Resource(s)
  -------------------------------------------------------------------    -------------------
                         (clock clk_fpga_0 rise edge)
                                                      0.000     0.000 r  
    PS7_X0Y0             PS7                          0.000     0.000 r  system_i/processing_system7_0/inst/PS7_i/FCLKCLK[0]
                         net (fo=1, routed)           0.310     0.310    system_i/processing_system7_0/inst/FCLK_CLK_unbuffered[0]
    BUFGCTRL_X0Y16       BUFG (Prop_bufg_I_O)         0.026     0.336 r  system_i/processing_system7_0/inst/buffer_fclk_clk_0.FCLK_CLK_0_BUFG/O
                         net (fo=2320, routed)        0.551     0.887    system_i/smartconnect_0/inst/clk_map/psr_aclk/U0/aclk
    SLICE_X46Y83         FDRE                                         r  system_i/smartconnect_0/inst/clk_map/psr_aclk/U0/ACTIVE_LOW_BSR_OUT_DFF[0].FDRE_BSR_N/C
  -------------------------------------------------------------------    -------------------
    SLICE_X46Y83         FDRE (Prop_fdre_C_Q)         0.164     1.051 r  system_i/smartconnect_0/inst/clk_map/psr_aclk/U0/ACTIVE_LOW_BSR_OUT_DFF[0].FDRE_BSR_N/Q
                         net (fo=35, routed)          0.276     1.326    <hidden>
    SLICE_X47Y87         LUT1 (Prop_lut1_I0_O)        0.051     1.377 f  <hidden>
                         net (fo=3, routed)           0.238     1.615    <hidden>
    SLICE_X49Y87         FDCE                                         f  <hidden>
  -------------------------------------------------------------------    -------------------

                         (clock clk_fpga_0 rise edge)
                                                      0.000     0.000 r  
    PS7_X0Y0             PS7                          0.000     0.000 r  system_i/processing_system7_0/inst/PS7_i/FCLKCLK[0]
                         net (fo=1, routed)           0.337     0.337    system_i/processing_system7_0/inst/FCLK_CLK_unbuffered[0]
    BUFGCTRL_X0Y16       BUFG (Prop_bufg_I_O)         0.029     0.366 r  system_i/processing_system7_0/inst/buffer_fclk_clk_0.FCLK_CLK_0_BUFG/O
                         net (fo=2320, routed)        0.820     1.186    <hidden>
    SLICE_X49Y87         FDCE                                         r  <hidden>





