Copyright 1986-2022 Xilinx, Inc. All Rights Reserved. Copyright 2022-2024 Advanced Micro Devices, Inc. All Rights Reserved.
---------------------------------------------------------------------------------------------------------------------------------------------
| Tool Version : Vivado v.2024.2 (win64) Build 5239630 Fri Nov 08 22:35:27 MST 2024
| Date         : Wed Jun  3 05:37:33 2026
| Host         : LAPTOP-SV114DSC running 64-bit major release  (build 9200)
| Command      : report_control_sets -verbose -file system_wrapper_control_sets_placed.rpt
| Design       : system_wrapper
| Device       : xc7z020
---------------------------------------------------------------------------------------------------------------------------------------------

Control Set Information

Table of Contents
-----------------
1. Summary
2. Histogram
3. Flip-Flop Distribution
4. Detailed Control Set Information

1. Summary
----------

+----------------------------------------------------------+-------+
|                          Status                          | Count |
+----------------------------------------------------------+-------+
| Total control sets                                       |   244 |
|    Minimum number of control sets                        |   244 |
|    Addition due to synthesis replication                 |     0 |
|    Addition due to physical synthesis replication        |     0 |
| Unused register locations in slices containing registers |   973 |
+----------------------------------------------------------+-------+
* Control sets can be merged at opt_design using control_set_merge or merge_equivalent_drivers
** Run report_qor_suggestions for automated merging and remapping suggestions


2. Histogram
------------

+--------------------+-------+
|       Fanout       | Count |
+--------------------+-------+
| Total control sets |   244 |
| >= 0 to < 4        |    86 |
| >= 4 to < 6        |    74 |
| >= 6 to < 8        |     7 |
| >= 8 to < 10       |    27 |
| >= 10 to < 12      |     5 |
| >= 12 to < 14      |    13 |
| >= 14 to < 16      |     2 |
| >= 16              |    30 |
+--------------------+-------+
* Control sets can be remapped at either synth_design or opt_design


3. Flip-Flop Distribution
-------------------------

+--------------+-----------------------+------------------------+-----------------+--------------+
| Clock Enable | Synchronous Set/Reset | Asynchronous Set/Reset | Total Registers | Total Slices |
+--------------+-----------------------+------------------------+-----------------+--------------+
| No           | No                    | No                     |             213 |           96 |
| No           | No                    | Yes                    |             105 |           35 |
| No           | Yes                   | No                     |             356 |          168 |
| Yes          | No                    | No                     |             701 |          214 |
| Yes          | No                    | Yes                    |               0 |            0 |
| Yes          | Yes                   | No                     |             844 |          266 |
+--------------+-----------------------+------------------------+-----------------+--------------+


4. Detailed Control Set Information
-----------------------------------

+-----------------------------------------------+-------------------------------------------------------------------------------------------------------------------------------------------------------------------------------------+------------------------------------------------------------------------------------------------------------------------------------------------------+------------------+----------------+--------------+
|                  Clock Signal                 |                                                                                    Enable Signal                                                                                    |                                                                   Set/Reset Signal                                                                   | Slice Load Count | Bel Load Count | Bels / Slice |
+-----------------------------------------------+-------------------------------------------------------------------------------------------------------------------------------------------------------------------------------------+------------------------------------------------------------------------------------------------------------------------------------------------------+------------------+----------------+--------------+
|  system_i/processing_system7_0/inst/FCLK_CLK0 |                                                                                                                                                                                     | system_i/smartconnect_0/inst/m01_nodes/m01_r_node/inst/s_sc_areset_pipe                                                                              |                1 |              1 |         1.00 |
|  system_i/processing_system7_0/inst/FCLK_CLK0 |                                                                                                                                                                                     | system_i/smartconnect_0/inst/m01_nodes/m01_ar_node/inst/s_sc_areset_pipe                                                                             |                1 |              1 |         1.00 |
|  system_i/processing_system7_0/inst/FCLK_CLK0 |                                                                                                                                                                                     | system_i/smartconnect_0/inst/m01_nodes/m01_aw_node/inst/s_sc_areset_pipe                                                                             |                1 |              1 |         1.00 |
|  system_i/processing_system7_0/inst/FCLK_CLK0 |                                                                                                                                                                                     | system_i/smartconnect_0/inst/s00_nodes/s00_aw_node/inst/s_sc_areset_pipe                                                                             |                1 |              1 |         1.00 |
|  system_i/processing_system7_0/inst/FCLK_CLK0 | system_i/matmul_accel_0/inst/gmem2_m_axi_U/bus_write/wreq_throttle/data_fifo/U_fifo_srl/push                                                                                        |                                                                                                                                                      |                1 |              1 |         1.00 |
|  system_i/processing_system7_0/inst/FCLK_CLK0 | system_i/matmul_accel_0/inst/gmem0_m_axi_U/bus_read/rs_rdata/pop                                                                                                                    | system_i/matmul_accel_0/inst/gmem2_m_axi_U/bus_write/wreq_burst_conv/rs_req/SR[0]                                                                    |                1 |              1 |         1.00 |
|  system_i/processing_system7_0/inst/FCLK_CLK0 |                                                                                                                                                                                     | system_i/smartconnect_0/inst/s01_nodes/s01_r_node/inst/s_sc_areset_pipe                                                                              |                1 |              1 |         1.00 |
|  system_i/processing_system7_0/inst/FCLK_CLK0 |                                                                                                                                                                                     | system_i/smartconnect_0/inst/s01_nodes/s01_ar_node/inst/s_sc_areset_pipe                                                                             |                1 |              1 |         1.00 |
|  system_i/processing_system7_0/inst/FCLK_CLK0 |                                                                                                                                                                                     | system_i/smartconnect_0/inst/m01_nodes/m01_b_node/inst/s_sc_areset_pipe                                                                              |                1 |              1 |         1.00 |
|  system_i/processing_system7_0/inst/FCLK_CLK0 |                                                                                                                                                                                     | system_i/smartconnect_0/inst/s00_nodes/s00_b_node/inst/s_sc_areset_pipe                                                                              |                1 |              1 |         1.00 |
|  system_i/processing_system7_0/inst/FCLK_CLK0 | system_i/matmul_accel_0/inst/gmem1_m_axi_U/bus_read/rreq_burst_conv/push                                                                                                            |                                                                                                                                                      |                1 |              1 |         1.00 |
|  system_i/processing_system7_0/inst/FCLK_CLK0 |                                                                                                                                                                                     | system_i/smartconnect_0/inst/m01_nodes/m01_w_node/inst/s_sc_areset_pipe                                                                              |                1 |              1 |         1.00 |
|  system_i/processing_system7_0/inst/FCLK_CLK0 | system_i/matmul_accel_0/inst/gmem0_m_axi_U/load_unit_0/bus_wide_gen.rs_tmp_rdata/load_p1                                                                                            |                                                                                                                                                      |                1 |              1 |         1.00 |
|  system_i/processing_system7_0/inst/FCLK_CLK0 |                                                                                                                                                                                     | system_i/smartconnect_0/inst/s00_nodes/s00_r_node/inst/s_sc_areset_pipe                                                                              |                1 |              1 |         1.00 |
|  system_i/processing_system7_0/inst/FCLK_CLK0 | system_i/matmul_accel_0/inst/gmem0_m_axi_U/load_unit_0/buff_rdata/dout_vld_reg_0[0]                                                                                                 |                                                                                                                                                      |                1 |              1 |         1.00 |
|  system_i/processing_system7_0/inst/FCLK_CLK0 | system_i/matmul_accel_0/inst/gmem1_m_axi_U/bus_read/rs_rdata/pop                                                                                                                    | system_i/matmul_accel_0/inst/gmem2_m_axi_U/bus_write/wreq_burst_conv/rs_req/SR[0]                                                                    |                1 |              1 |         1.00 |
|  system_i/processing_system7_0/inst/FCLK_CLK0 | system_i/smartconnect_0/inst/switchboards/i_nodes/i_aw_node/inst/inst_si_handler/gen_m_axis_arb_fifo.inst_axis_arb_fifo/gen_srls[3].srl_nx1/shift                                   |                                                                                                                                                      |                1 |              1 |         1.00 |
|  system_i/processing_system7_0/inst/FCLK_CLK0 |                                                                                                                                                                                     | system_i/smartconnect_0/inst/s00_nodes/s00_w_node/inst/s_sc_areset_pipe                                                                              |                1 |              1 |         1.00 |
|  system_i/processing_system7_0/inst/FCLK_CLK0 | system_i/matmul_accel_0/inst/gmem1_m_axi_U/bus_read/rreq_burst_conv/rs_req/E[0]                                                                                                     | system_i/matmul_accel_0/inst/gmem2_m_axi_U/bus_write/wreq_burst_conv/rs_req/SR[0]                                                                    |                1 |              1 |         1.00 |
|  system_i/processing_system7_0/inst/FCLK_CLK0 | system_i/matmul_accel_0/inst/gmem2_m_axi_U/bus_write/wreq_throttle/data_fifo/U_fifo_srl/pop                                                                                         | system_i/matmul_accel_0/inst/gmem2_m_axi_U/bus_write/wreq_burst_conv/rs_req/SR[0]                                                                    |                1 |              1 |         1.00 |
|  system_i/processing_system7_0/inst/FCLK_CLK0 | system_i/matmul_accel_0/inst/gmem2_m_axi_U/bus_write/wreq_burst_conv/rs_req/E[0]                                                                                                    | system_i/matmul_accel_0/inst/gmem2_m_axi_U/bus_write/wreq_burst_conv/rs_req/SR[0]                                                                    |                1 |              1 |         1.00 |
|  system_i/processing_system7_0/inst/FCLK_CLK0 |                                                                                                                                                                                     | system_i/smartconnect_0/inst/s00_nodes/s00_ar_node/inst/s_sc_areset_pipe                                                                             |                1 |              1 |         1.00 |
|  system_i/processing_system7_0/inst/FCLK_CLK0 |                                                                                                                                                                                     | system_i/smartconnect_0/inst/s02_nodes/s02_ar_node/inst/s_sc_areset_pipe                                                                             |                1 |              1 |         1.00 |
|  system_i/processing_system7_0/inst/FCLK_CLK0 |                                                                                                                                                                                     | system_i/smartconnect_0/inst/s02_nodes/s02_r_node/inst/s_sc_areset_pipe                                                                              |                1 |              1 |         1.00 |
|  system_i/processing_system7_0/inst/FCLK_CLK0 | system_i/matmul_accel_0/inst/gmem1_m_axi_U/load_unit_0/buff_rdata/dout_vld_reg_0[0]                                                                                                 |                                                                                                                                                      |                1 |              1 |         1.00 |
|  system_i/processing_system7_0/inst/FCLK_CLK0 | system_i/smartconnect_0/inst/s03_entry_pipeline/s03_si_converter/inst/gen_normal.splitter_inst/gen_wsplitter.gen_wthread_loop[0].b_split_fifo/gen_srls[0].srl_nx1/shift_qual        |                                                                                                                                                      |                1 |              1 |         1.00 |
|  system_i/processing_system7_0/inst/FCLK_CLK0 |                                                                                                                                                                                     | system_i/smartconnect_0/inst/s03_nodes/s03_aw_node/inst/s_sc_areset_pipe                                                                             |                1 |              1 |         1.00 |
|  system_i/processing_system7_0/inst/FCLK_CLK0 |                                                                                                                                                                                     | system_i/smartconnect_0/inst/s03_nodes/s03_b_node/inst/s_sc_areset_pipe                                                                              |                1 |              1 |         1.00 |
|  system_i/processing_system7_0/inst/FCLK_CLK0 |                                                                                                                                                                                     | system_i/smartconnect_0/inst/s03_nodes/s03_w_node/inst/s_sc_areset_pipe                                                                              |                1 |              1 |         1.00 |
|  system_i/processing_system7_0/inst/FCLK_CLK0 | system_i/smartconnect_0/inst/s02_entry_pipeline/s02_si_converter/inst/gen_normal.splitter_inst/gen_rsplitter.gen_rthread_loop[0].r_split_fifo/gen_srls[0].srl_nx1/shift_qual        |                                                                                                                                                      |                1 |              1 |         1.00 |
|  system_i/processing_system7_0/inst/FCLK_CLK0 | system_i/smartconnect_0/inst/s01_entry_pipeline/s01_si_converter/inst/gen_normal.splitter_inst/gen_rsplitter.gen_rthread_loop[0].r_split_fifo/gen_srls[0].srl_nx1/shift_qual        |                                                                                                                                                      |                1 |              1 |         1.00 |
|  system_i/processing_system7_0/inst/FCLK_CLK0 |                                                                                                                                                                                     | system_i/smartconnect_0/inst/switchboards/i_nodes/i_ar_node/inst/s_sc_areset_pipe                                                                    |                1 |              1 |         1.00 |
|  system_i/processing_system7_0/inst/FCLK_CLK0 | system_i/smartconnect_0/inst/s00_entry_pipeline/s00_si_converter/inst/gen_normal.splitter_inst/gen_wsplitter.w_split_fifo/gen_srls[0].srl_nx1/shift_qual                            |                                                                                                                                                      |                1 |              1 |         1.00 |
|  system_i/processing_system7_0/inst/FCLK_CLK0 |                                                                                                                                                                                     | system_i/smartconnect_0/inst/switchboards/i_nodes/i_aw_node/inst/s_sc_areset_pipe                                                                    |                1 |              1 |         1.00 |
|  system_i/processing_system7_0/inst/FCLK_CLK0 | system_i/smartconnect_0/inst/s00_entry_pipeline/s00_si_converter/inst/gen_normal.splitter_inst/gen_wsplitter.gen_wthread_loop[0].b_split_fifo/gen_srls[0].srl_nx1/shift_qual        |                                                                                                                                                      |                1 |              1 |         1.00 |
|  system_i/processing_system7_0/inst/FCLK_CLK0 | system_i/matmul_accel_0/inst/gmem0_m_axi_U/bus_read/rreq_burst_conv/rs_req/E[0]                                                                                                     | system_i/matmul_accel_0/inst/gmem2_m_axi_U/bus_write/wreq_burst_conv/rs_req/SR[0]                                                                    |                1 |              1 |         1.00 |
|  system_i/processing_system7_0/inst/FCLK_CLK0 |                                                                                                                                                                                     | system_i/smartconnect_0/inst/switchboards/i_nodes/i_b_node/inst/s_sc_areset_pipe                                                                     |                1 |              1 |         1.00 |
|  system_i/processing_system7_0/inst/FCLK_CLK0 |                                                                                                                                                                                     | system_i/smartconnect_0/inst/switchboards/i_nodes/i_r_node/inst/s_sc_areset_pipe                                                                     |                1 |              1 |         1.00 |
|  system_i/processing_system7_0/inst/FCLK_CLK0 |                                                                                                                                                                                     | system_i/smartconnect_0/inst/switchboards/i_nodes/i_w_node/inst/s_sc_areset_pipe                                                                     |                1 |              1 |         1.00 |
|  system_i/processing_system7_0/inst/FCLK_CLK0 | system_i/matmul_accel_0/inst/gmem2_m_axi_U/bus_write/wreq_burst_conv/push_0                                                                                                         |                                                                                                                                                      |                1 |              1 |         1.00 |
|  system_i/processing_system7_0/inst/FCLK_CLK0 | system_i/matmul_accel_0/inst/gmem2_m_axi_U/bus_write/fifo_resp/U_fifo_srl/pop                                                                                                       | system_i/matmul_accel_0/inst/gmem2_m_axi_U/bus_write/wreq_burst_conv/rs_req/SR[0]                                                                    |                1 |              1 |         1.00 |
|  system_i/processing_system7_0/inst/FCLK_CLK0 | system_i/matmul_accel_0/inst/gmem0_m_axi_U/bus_read/rreq_burst_conv/push                                                                                                            |                                                                                                                                                      |                1 |              1 |         1.00 |
|  system_i/processing_system7_0/inst/FCLK_CLK0 | system_i/matmul_accel_0/inst/gmem1_m_axi_U/load_unit_0/bus_wide_gen.rs_tmp_rdata/load_p1                                                                                            |                                                                                                                                                      |                1 |              1 |         1.00 |
|  system_i/processing_system7_0/inst/FCLK_CLK0 | system_i/matmul_accel_0/inst/ap_CS_fsm_state1                                                                                                                                       |                                                                                                                                                      |                1 |              1 |         1.00 |
|  system_i/processing_system7_0/inst/FCLK_CLK0 | system_i/smartconnect_0/inst/switchboards/i_nodes/i_b_node/inst/inst_si_handler/gen_si_handler.gen_arbiter_rr_minimal_area.inst_arbiter/s_sc_handshake[0]                           |                                                                                                                                                      |                1 |              2 |         2.00 |
|  system_i/processing_system7_0/inst/FCLK_CLK0 | system_i/smartconnect_0/inst/switchboards/i_nodes/i_aw_node/inst/inst_si_handler/gen_si_handler.gen_arbiter_rr_minimal_area.inst_arbiter/is_zero_r                                  |                                                                                                                                                      |                1 |              2 |         2.00 |
|  system_i/processing_system7_0/inst/FCLK_CLK0 | system_i/smartconnect_0/inst/switchboards/i_nodes/i_ar_node/inst/inst_mi_handler/gen_normal_area.gen_fi_regulator.inst_fi_regulator/E[0]                                            |                                                                                                                                                      |                1 |              2 |         2.00 |
|  system_i/processing_system7_0/inst/FCLK_CLK0 | system_i/smartconnect_0/inst/switchboards/i_nodes/i_w_node/inst/inst_si_handler/gen_si_handler.gen_request_fifos.gen_req_fifo[0].inst_req_fifo/gen_xpm_memory_fifo.inst_fifo/wr_wea |                                                                                                                                                      |                1 |              2 |         2.00 |
|  system_i/processing_system7_0/inst/FCLK_CLK0 |                                                                                                                                                                                     | system_i/smartconnect_0/inst/s03_entry_pipeline/s03_mmu/inst/xpm_cdc_async_rst_inst/reset_pol                                                        |                1 |              3 |         3.00 |
|  system_i/processing_system7_0/inst/FCLK_CLK0 |                                                                                                                                                                                     | system_i/smartconnect_0/inst/m01_nodes/m01_b_node/inst/s_sc_xpm_cdc_async_rst_inst/reset_pol                                                         |                1 |              3 |         3.00 |
|  system_i/processing_system7_0/inst/FCLK_CLK0 |                                                                                                                                                                                     | system_i/smartconnect_0/inst/s03_entry_pipeline/s03_si_converter/inst/xpm_cdc_async_rst_inst/reset_pol                                               |                1 |              3 |         3.00 |
|  system_i/processing_system7_0/inst/FCLK_CLK0 |                                                                                                                                                                                     | system_i/smartconnect_0/inst/m01_nodes/m01_r_node/inst/s_sc_xpm_cdc_async_rst_inst/reset_pol                                                         |                1 |              3 |         3.00 |
|  system_i/processing_system7_0/inst/FCLK_CLK0 |                                                                                                                                                                                     | system_i/smartconnect_0/inst/s03_entry_pipeline/s03_transaction_regulator/inst/xpm_cdc_async_rst_inst/reset_pol                                      |                1 |              3 |         3.00 |
|  system_i/processing_system7_0/inst/FCLK_CLK0 |                                                                                                                                                                                     | system_i/smartconnect_0/inst/s03_nodes/s03_aw_node/inst/s_sc_xpm_cdc_async_rst_inst/reset_pol                                                        |                1 |              3 |         3.00 |
|  system_i/processing_system7_0/inst/FCLK_CLK0 |                                                                                                                                                                                     | system_i/smartconnect_0/inst/m01_nodes/m01_w_node/inst/s_sc_xpm_cdc_async_rst_inst/reset_pol                                                         |                1 |              3 |         3.00 |
|  system_i/processing_system7_0/inst/FCLK_CLK0 |                                                                                                                                                                                     | system_i/smartconnect_0/inst/s03_nodes/s03_b_node/inst/s_sc_xpm_cdc_async_rst_inst/reset_pol                                                         |                1 |              3 |         3.00 |
|  system_i/processing_system7_0/inst/FCLK_CLK0 |                                                                                                                                                                                     | system_i/smartconnect_0/inst/m01_exit_pipeline/m01_exit/inst/xpm_cdc_async_rst_inst/reset_pol                                                        |                1 |              3 |         3.00 |
|  system_i/processing_system7_0/inst/FCLK_CLK0 |                                                                                                                                                                                     | system_i/smartconnect_0/inst/s03_nodes/s03_w_node/inst/s_sc_xpm_cdc_async_rst_inst/reset_pol                                                         |                1 |              3 |         3.00 |
|  system_i/processing_system7_0/inst/FCLK_CLK0 |                                                                                                                                                                                     | system_i/smartconnect_0/inst/s00_entry_pipeline/s00_mmu/inst/xpm_cdc_async_rst_inst/reset_pol                                                        |                1 |              3 |         3.00 |
|  system_i/processing_system7_0/inst/FCLK_CLK0 |                                                                                                                                                                                     | system_i/smartconnect_0/inst/s00_nodes/s00_ar_node/inst/s_sc_xpm_cdc_async_rst_inst/reset_pol                                                        |                1 |              3 |         3.00 |
|  system_i/processing_system7_0/inst/FCLK_CLK0 |                                                                                                                                                                                     | system_i/smartconnect_0/inst/s00_entry_pipeline/s00_si_converter/inst/xpm_cdc_async_rst_inst/reset_pol                                               |                1 |              3 |         3.00 |
|  system_i/processing_system7_0/inst/FCLK_CLK0 |                                                                                                                                                                                     | system_i/smartconnect_0/inst/s00_entry_pipeline/s00_transaction_regulator/inst/xpm_cdc_async_rst_inst/reset_pol                                      |                1 |              3 |         3.00 |
|  system_i/processing_system7_0/inst/FCLK_CLK0 |                                                                                                                                                                                     | system_i/smartconnect_0/inst/s00_nodes/s00_aw_node/inst/s_sc_xpm_cdc_async_rst_inst/reset_pol                                                        |                1 |              3 |         3.00 |
|  system_i/processing_system7_0/inst/FCLK_CLK0 |                                                                                                                                                                                     | system_i/smartconnect_0/inst/switchboards/i_nodes/i_aw_node/inst/s_sc_xpm_cdc_async_rst_inst/reset_pol                                               |                1 |              3 |         3.00 |
|  system_i/processing_system7_0/inst/FCLK_CLK0 |                                                                                                                                                                                     | system_i/smartconnect_0/inst/s00_nodes/s00_b_node/inst/s_sc_xpm_cdc_async_rst_inst/reset_pol                                                         |                1 |              3 |         3.00 |
|  system_i/processing_system7_0/inst/FCLK_CLK0 |                                                                                                                                                                                     | system_i/smartconnect_0/inst/s00_nodes/s00_r_node/inst/s_sc_xpm_cdc_async_rst_inst/reset_pol                                                         |                1 |              3 |         3.00 |
|  system_i/processing_system7_0/inst/FCLK_CLK0 |                                                                                                                                                                                     | system_i/smartconnect_0/inst/switchboards/i_nodes/i_w_node/inst/s_sc_xpm_cdc_async_rst_inst/reset_pol                                                |                1 |              3 |         3.00 |
|  system_i/processing_system7_0/inst/FCLK_CLK0 |                                                                                                                                                                                     | system_i/smartconnect_0/inst/s00_nodes/s00_w_node/inst/s_sc_xpm_cdc_async_rst_inst/reset_pol                                                         |                1 |              3 |         3.00 |
|  system_i/processing_system7_0/inst/FCLK_CLK0 |                                                                                                                                                                                     | system_i/smartconnect_0/inst/switchboards/i_nodes/i_b_node/inst/s_sc_xpm_cdc_async_rst_inst/reset_pol                                                |                1 |              3 |         3.00 |
|  system_i/processing_system7_0/inst/FCLK_CLK0 |                                                                                                                                                                                     | system_i/smartconnect_0/inst/switchboards/i_nodes/i_ar_node/inst/s_sc_xpm_cdc_async_rst_inst/reset_pol                                               |                1 |              3 |         3.00 |
|  system_i/processing_system7_0/inst/FCLK_CLK0 | system_i/smartconnect_0/inst/s00_entry_pipeline/s00_si_converter/inst/converter.wrap_narrow_inst/r_shelf                                                                            |                                                                                                                                                      |                1 |              3 |         3.00 |
|  system_i/processing_system7_0/inst/FCLK_CLK0 |                                                                                                                                                                                     | system_i/smartconnect_0/inst/switchboards/i_nodes/i_r_node/inst/s_sc_xpm_cdc_async_rst_inst/reset_pol                                                |                1 |              3 |         3.00 |
|  system_i/processing_system7_0/inst/FCLK_CLK0 |                                                                                                                                                                                     | system_i/smartconnect_0/inst/s01_nodes/s01_ar_node/inst/s_sc_xpm_cdc_async_rst_inst/reset_pol                                                        |                1 |              3 |         3.00 |
|  system_i/processing_system7_0/inst/FCLK_CLK0 |                                                                                                                                                                                     | system_i/smartconnect_0/inst/s01_entry_pipeline/s01_si_converter/inst/xpm_cdc_async_rst_inst/reset_pol                                               |                1 |              3 |         3.00 |
|  system_i/processing_system7_0/inst/FCLK_CLK0 |                                                                                                                                                                                     | system_i/smartconnect_0/inst/s01_entry_pipeline/s01_transaction_regulator/inst/xpm_cdc_async_rst_inst/reset_pol                                      |                1 |              3 |         3.00 |
|  system_i/processing_system7_0/inst/FCLK_CLK0 |                                                                                                                                                                                     | system_i/smartconnect_0/inst/s02_entry_pipeline/s02_transaction_regulator/inst/xpm_cdc_async_rst_inst/reset_pol                                      |                1 |              3 |         3.00 |
|  system_i/processing_system7_0/inst/FCLK_CLK0 |                                                                                                                                                                                     | system_i/smartconnect_0/inst/s01_nodes/s01_r_node/inst/s_sc_xpm_cdc_async_rst_inst/reset_pol                                                         |                1 |              3 |         3.00 |
|  system_i/processing_system7_0/inst/FCLK_CLK0 | system_i/smartconnect_0/inst/s00_entry_pipeline/s00_si_converter/inst/converter.wrap_narrow_inst/gen_thread_loop[0].r_payld_fifo/gen_srls[40].srl_nx1/s_ready_i_reg                 |                                                                                                                                                      |                1 |              3 |         3.00 |
|  system_i/processing_system7_0/inst/FCLK_CLK0 |                                                                                                                                                                                     | system_i/smartconnect_0/inst/s02_entry_pipeline/s02_mmu/inst/xpm_cdc_async_rst_inst/reset_pol                                                        |                1 |              3 |         3.00 |
|  system_i/processing_system7_0/inst/FCLK_CLK0 | system_i/smartconnect_0/inst/s00_entry_pipeline/s00_si_converter/inst/converter.wrap_narrow_inst/gen_thread_loop[0].r_payld_fifo/cmd_fifo/S00_AXI_rready[0]                         |                                                                                                                                                      |                1 |              3 |         3.00 |
|  system_i/processing_system7_0/inst/FCLK_CLK0 |                                                                                                                                                                                     | system_i/smartconnect_0/inst/s02_entry_pipeline/s02_si_converter/inst/xpm_cdc_async_rst_inst/reset_pol                                               |                1 |              3 |         3.00 |
|  system_i/processing_system7_0/inst/FCLK_CLK0 |                                                                                                                                                                                     | system_i/smartconnect_0/inst/s01_entry_pipeline/s01_mmu/inst/xpm_cdc_async_rst_inst/reset_pol                                                        |                1 |              3 |         3.00 |
|  system_i/processing_system7_0/inst/FCLK_CLK0 |                                                                                                                                                                                     | system_i/smartconnect_0/inst/s02_nodes/s02_ar_node/inst/s_sc_xpm_cdc_async_rst_inst/reset_pol                                                        |                1 |              3 |         3.00 |
|  system_i/processing_system7_0/inst/FCLK_CLK0 |                                                                                                                                                                                     | system_i/smartconnect_0/inst/m01_nodes/m01_aw_node/inst/s_sc_xpm_cdc_async_rst_inst/reset_pol                                                        |                1 |              3 |         3.00 |
|  system_i/processing_system7_0/inst/FCLK_CLK0 |                                                                                                                                                                                     | system_i/smartconnect_0/inst/s02_nodes/s02_r_node/inst/s_sc_xpm_cdc_async_rst_inst/reset_pol                                                         |                1 |              3 |         3.00 |
|  system_i/processing_system7_0/inst/FCLK_CLK0 |                                                                                                                                                                                     | system_i/smartconnect_0/inst/m01_nodes/m01_ar_node/inst/s_sc_xpm_cdc_async_rst_inst/reset_pol                                                        |                1 |              3 |         3.00 |
|  system_i/processing_system7_0/inst/FCLK_CLK0 | system_i/smartconnect_0/inst/s00_entry_pipeline/s00_si_converter/inst/converter.wrap_narrow_inst/w_cmd_fifo/fifoaddr[3]_i_1__6_n_0                                                  | system_i/smartconnect_0/inst/s00_entry_pipeline/s00_si_converter/inst/areset                                                                         |                2 |              4 |         2.00 |
|  system_i/processing_system7_0/inst/FCLK_CLK0 |                                                                                                                                                                                     | system_i/proc_sys_reset_0/U0/EXT_LPF/lpf_int                                                                                                         |                2 |              4 |         2.00 |
|  system_i/processing_system7_0/inst/FCLK_CLK0 |                                                                                                                                                                                     | system_i/smartconnect_0/inst/clk_map/psr_aclk/U0/EXT_LPF/lpf_int                                                                                     |                2 |              4 |         2.00 |
|  system_i/processing_system7_0/inst/FCLK_CLK0 | system_i/smartconnect_0/inst/s00_entry_pipeline/s00_si_converter/inst/converter.wrap_narrow_inst/w_cmd_fifo/gen_pipelined.mesg_reg                                                  |                                                                                                                                                      |                2 |              4 |         2.00 |
|  system_i/processing_system7_0/inst/FCLK_CLK0 | system_i/smartconnect_0/inst/s00_entry_pipeline/s00_si_converter/inst/converter.wrap_narrow_inst/w_payld_fifo/cmd_fifo/fifoaddr[3]_i_1__2_n_0                                       | system_i/smartconnect_0/inst/s00_entry_pipeline/s00_si_converter/inst/areset                                                                         |                1 |              4 |         4.00 |
|  system_i/processing_system7_0/inst/FCLK_CLK0 | system_i/smartconnect_0/inst/s00_entry_pipeline/s00_si_converter/inst/converter.wrap_narrow_inst/w_payld_fifo/cmd_fifo/E[0]                                                         |                                                                                                                                                      |                2 |              4 |         2.00 |
|  system_i/processing_system7_0/inst/FCLK_CLK0 | system_i/smartconnect_0/inst/s00_entry_pipeline/s00_si_converter/inst/gen_normal.splitter_inst/gen_wsplitter.gen_wthread_loop[0].b_split_fifo/fifoaddr[3]_i_1_n_0                   | system_i/smartconnect_0/inst/s00_entry_pipeline/s00_si_converter/inst/areset                                                                         |                2 |              4 |         2.00 |
|  system_i/processing_system7_0/inst/FCLK_CLK0 | system_i/smartconnect_0/inst/s00_entry_pipeline/s00_si_converter/inst/gen_normal.splitter_inst/gen_wsplitter.w_split_fifo/fifoaddr[3]_i_1__0_n_0                                    | system_i/smartconnect_0/inst/s00_entry_pipeline/s00_si_converter/inst/areset                                                                         |                1 |              4 |         4.00 |
|  system_i/processing_system7_0/inst/FCLK_CLK0 | system_i/smartconnect_0/inst/s00_entry_pipeline/s00_si_converter/inst/converter.wrap_narrow_inst/gen_thread_loop[0].r_payld_fifo/r_acceptance_reg[3][0]                             | system_i/smartconnect_0/inst/s00_entry_pipeline/s00_si_converter/inst/areset                                                                         |                2 |              4 |         2.00 |
|  system_i/processing_system7_0/inst/FCLK_CLK0 | system_i/smartconnect_0/inst/s01_entry_pipeline/s01_mmu/inst/ar_reg_stall/m_vector_i                                                                                                |                                                                                                                                                      |                1 |              4 |         4.00 |
|  system_i/processing_system7_0/inst/FCLK_CLK0 | system_i/smartconnect_0/inst/s01_entry_pipeline/s01_mmu/inst/ar_reg_stall/skid_buffer[1136]_i_1_n_0                                                                                 |                                                                                                                                                      |                1 |              4 |         4.00 |
|  system_i/processing_system7_0/inst/FCLK_CLK0 | system_i/smartconnect_0/inst/s01_entry_pipeline/s01_si_converter/inst/gen_normal.splitter_inst/gen_rsplitter.gen_rthread_loop[0].r_split_fifo/fifoaddr[3]_i_1_n_0                   | system_i/smartconnect_0/inst/s01_entry_pipeline/s01_si_converter/inst/areset                                                                         |                2 |              4 |         2.00 |
|  system_i/processing_system7_0/inst/FCLK_CLK0 | system_i/smartconnect_0/inst/s02_entry_pipeline/s02_si_converter/inst/gen_normal.splitter_inst/gen_rsplitter.gen_rthread_loop[0].r_split_fifo/fifoaddr[3]_i_1_n_0                   | system_i/smartconnect_0/inst/s02_entry_pipeline/s02_si_converter/inst/areset                                                                         |                1 |              4 |         4.00 |
|  system_i/processing_system7_0/inst/FCLK_CLK0 | system_i/smartconnect_0/inst/s02_entry_pipeline/s02_mmu/inst/ar_reg_stall/m_vector_i                                                                                                |                                                                                                                                                      |                1 |              4 |         4.00 |
|  system_i/processing_system7_0/inst/FCLK_CLK0 |                                                                                                                                                                                     | system_i/smartconnect_0/inst/switchboards/i_nodes/i_w_node/inst/inst_si_handler/areset_r                                                             |                2 |              4 |         2.00 |
|  system_i/processing_system7_0/inst/FCLK_CLK0 |                                                                                                                                                                                     | system_i/smartconnect_0/inst/switchboards/i_nodes/i_b_node/inst/inst_si_handler/areset_r                                                             |                1 |              4 |         4.00 |
|  system_i/processing_system7_0/inst/FCLK_CLK0 |                                                                                                                                                                                     | system_i/smartconnect_0/inst/switchboards/i_nodes/i_r_node/inst/inst_si_handler/areset_r                                                             |                1 |              4 |         4.00 |
|  system_i/processing_system7_0/inst/FCLK_CLK0 | system_i/smartconnect_0/inst/s02_entry_pipeline/s02_mmu/inst/ar_reg_stall/skid_buffer[1136]_i_1_n_0                                                                                 |                                                                                                                                                      |                1 |              4 |         4.00 |
|  system_i/processing_system7_0/inst/FCLK_CLK0 | system_i/matmul_accel_0/inst/gmem0_m_axi_U/bus_read/fifo_burst/raddr[3]_i_1__0_n_0                                                                                                  | system_i/matmul_accel_0/inst/gmem2_m_axi_U/bus_write/wreq_burst_conv/rs_req/SR[0]                                                                    |                2 |              4 |         2.00 |
|  system_i/processing_system7_0/inst/FCLK_CLK0 | system_i/smartconnect_0/inst/s03_entry_pipeline/s03_mmu/inst/aw_reg_stall/m_vector_i                                                                                                |                                                                                                                                                      |                1 |              4 |         4.00 |
|  system_i/processing_system7_0/inst/FCLK_CLK0 | system_i/smartconnect_0/inst/s03_entry_pipeline/s03_mmu/inst/aw_reg_stall/skid_buffer[1136]_i_1_n_0                                                                                 |                                                                                                                                                      |                1 |              4 |         4.00 |
|  system_i/processing_system7_0/inst/FCLK_CLK0 | system_i/smartconnect_0/inst/s03_entry_pipeline/s03_si_converter/inst/gen_normal.splitter_inst/gen_wsplitter.gen_wthread_loop[0].b_split_fifo/fifoaddr[3]_i_1_n_0                   | system_i/smartconnect_0/inst/s03_entry_pipeline/s03_si_converter/inst/areset                                                                         |                1 |              4 |         4.00 |
|  system_i/processing_system7_0/inst/FCLK_CLK0 | system_i/matmul_accel_0/inst/gmem0_m_axi_U/bus_read/rreq_burst_conv/ost_ctrl_valid                                                                                                  | system_i/matmul_accel_0/inst/gmem2_m_axi_U/bus_write/wreq_burst_conv/rs_req/SR[0]                                                                    |                1 |              4 |         4.00 |
|  system_i/processing_system7_0/inst/FCLK_CLK0 | system_i/smartconnect_0/inst/switchboards/i_nodes/i_ar_node/inst/inst_si_handler/gen_si_handler.gen_request_counters.gen_req_counter[2].inst_req_counter/E[0]                       | system_i/smartconnect_0/inst/switchboards/i_nodes/i_ar_node/inst/inst_si_handler/areset_r                                                            |                1 |              4 |         4.00 |
|  system_i/processing_system7_0/inst/FCLK_CLK0 | system_i/smartconnect_0/inst/switchboards/i_nodes/i_aw_node/inst/inst_si_handler/gen_m_axis_arb_fifo.inst_axis_arb_fifo/fifoaddr[3]_i_1_n_0                                         | system_i/smartconnect_0/inst/switchboards/i_nodes/i_aw_node/inst/inst_si_handler/areset_r                                                            |                1 |              4 |         4.00 |
|  system_i/processing_system7_0/inst/FCLK_CLK0 | system_i/matmul_accel_0/inst/gmem2_m_axi_U/bus_write/wreq_throttle/data_fifo/U_fifo_srl/E[0]                                                                                        |                                                                                                                                                      |                1 |              4 |         4.00 |
|  system_i/processing_system7_0/inst/FCLK_CLK0 | system_i/matmul_accel_0/inst/gmem2_m_axi_U/bus_write/wreq_throttle/data_fifo/raddr[3]_i_1__7_n_0                                                                                    | system_i/matmul_accel_0/inst/gmem2_m_axi_U/bus_write/wreq_burst_conv/rs_req/SR[0]                                                                    |                2 |              4 |         2.00 |
|  system_i/processing_system7_0/inst/FCLK_CLK0 | system_i/matmul_accel_0/inst/gmem2_m_axi_U/bus_write/wreq_throttle/req_fifo/U_fifo_srl/pop                                                                                          | system_i/matmul_accel_0/inst/gmem2_m_axi_U/bus_write/wreq_burst_conv/rs_req/SR[0]                                                                    |                1 |              4 |         4.00 |
|  system_i/processing_system7_0/inst/FCLK_CLK0 | system_i/matmul_accel_0/inst/gmem2_m_axi_U/bus_write/wreq_throttle/req_fifo/raddr[3]_i_1__6_n_0                                                                                     | system_i/matmul_accel_0/inst/gmem2_m_axi_U/bus_write/wreq_burst_conv/rs_req/SR[0]                                                                    |                2 |              4 |         2.00 |
|  system_i/processing_system7_0/inst/FCLK_CLK0 | system_i/matmul_accel_0/inst/gmem2_m_axi_U/bus_write/wreq_throttle/rs_req/load_p1                                                                                                   |                                                                                                                                                      |                1 |              4 |         4.00 |
|  system_i/processing_system7_0/inst/FCLK_CLK0 | system_i/matmul_accel_0/inst/gmem2_m_axi_U/bus_write/fifo_burst/U_fifo_srl/pop_0                                                                                                    | system_i/matmul_accel_0/inst/gmem2_m_axi_U/bus_write/wreq_burst_conv/rs_req/SR[0]                                                                    |                1 |              4 |         4.00 |
|  system_i/processing_system7_0/inst/FCLK_CLK0 | system_i/matmul_accel_0/inst/gmem2_m_axi_U/bus_write/fifo_burst/U_fifo_srl/empty_n_reg[0]                                                                                           | system_i/matmul_accel_0/inst/gmem2_m_axi_U/bus_write/wreq_burst_conv/rs_req/SR[0]                                                                    |                1 |              4 |         4.00 |
|  system_i/processing_system7_0/inst/FCLK_CLK0 | system_i/matmul_accel_0/inst/gmem2_m_axi_U/bus_write/fifo_resp/raddr[3]_i_1__5_n_0                                                                                                  | system_i/matmul_accel_0/inst/gmem2_m_axi_U/bus_write/wreq_burst_conv/rs_req/SR[0]                                                                    |                2 |              4 |         2.00 |
|  system_i/processing_system7_0/inst/FCLK_CLK0 | system_i/matmul_accel_0/inst/gmem2_m_axi_U/bus_write/wreq_burst_conv/ost_ctrl_valid                                                                                                 | system_i/matmul_accel_0/inst/gmem2_m_axi_U/bus_write/wreq_burst_conv/rs_req/SR[0]                                                                    |                1 |              4 |         4.00 |
|  system_i/processing_system7_0/inst/FCLK_CLK0 | system_i/matmul_accel_0/inst/gmem2_m_axi_U/bus_write/wreq_burst_conv/push                                                                                                           |                                                                                                                                                      |                1 |              4 |         4.00 |
|  system_i/processing_system7_0/inst/FCLK_CLK0 | system_i/matmul_accel_0/inst/gmem1_m_axi_U/bus_read/rreq_burst_conv/ost_ctrl_valid                                                                                                  | system_i/matmul_accel_0/inst/gmem2_m_axi_U/bus_write/wreq_burst_conv/rs_req/SR[0]                                                                    |                1 |              4 |         4.00 |
|  system_i/processing_system7_0/inst/FCLK_CLK0 | system_i/matmul_accel_0/inst/gmem2_m_axi_U/bus_write/wreq_throttle/req_fifo/U_fifo_srl/push                                                                                         |                                                                                                                                                      |                1 |              4 |         4.00 |
|  system_i/processing_system7_0/inst/FCLK_CLK0 | system_i/matmul_accel_0/inst/gmem1_m_axi_U/load_unit_0/bus_wide_gen.rreq_offset/U_fifo_srl/push                                                                                     |                                                                                                                                                      |                1 |              4 |         4.00 |
|  system_i/processing_system7_0/inst/FCLK_CLK0 | system_i/matmul_accel_0/inst/gmem1_m_axi_U/load_unit_0/bus_wide_gen.rreq_offset/raddr[3]_i_1__1_n_0                                                                                 | system_i/matmul_accel_0/inst/gmem2_m_axi_U/bus_write/wreq_burst_conv/rs_req/SR[0]                                                                    |                1 |              4 |         4.00 |
|  system_i/processing_system7_0/inst/FCLK_CLK0 | system_i/matmul_accel_0/inst/gmem1_m_axi_U/load_unit_0/bus_wide_gen.rs_tmp_rdata/pop                                                                                                | system_i/matmul_accel_0/inst/gmem2_m_axi_U/bus_write/wreq_burst_conv/rs_req/SR[0]                                                                    |                1 |              4 |         4.00 |
|  system_i/processing_system7_0/inst/FCLK_CLK0 | system_i/matmul_accel_0/inst/gmem1_m_axi_U/load_unit_0/fifo_rreq/mOutPtr[3]_i_1__4_n_0                                                                                              | system_i/matmul_accel_0/inst/gmem2_m_axi_U/bus_write/wreq_burst_conv/rs_req/SR[0]                                                                    |                1 |              4 |         4.00 |
|  system_i/processing_system7_0/inst/FCLK_CLK0 | system_i/matmul_accel_0/inst/gmem0_m_axi_U/load_unit_0/fifo_rreq/mOutPtr[3]_i_1__0_n_0                                                                                              | system_i/matmul_accel_0/inst/gmem2_m_axi_U/bus_write/wreq_burst_conv/rs_req/SR[0]                                                                    |                1 |              4 |         4.00 |
|  system_i/processing_system7_0/inst/FCLK_CLK0 | system_i/matmul_accel_0/inst/gmem1_m_axi_U/bus_read/fifo_burst/raddr[3]_i_1__2_n_0                                                                                                  | system_i/matmul_accel_0/inst/gmem2_m_axi_U/bus_write/wreq_burst_conv/rs_req/SR[0]                                                                    |                2 |              4 |         2.00 |
|  system_i/processing_system7_0/inst/FCLK_CLK0 | system_i/matmul_accel_0/inst/gmem0_m_axi_U/load_unit_0/bus_wide_gen.rreq_offset/U_fifo_srl/push                                                                                     |                                                                                                                                                      |                1 |              4 |         4.00 |
|  system_i/processing_system7_0/inst/FCLK_CLK0 | system_i/matmul_accel_0/inst/gmem0_m_axi_U/load_unit_0/bus_wide_gen.rreq_offset/raddr[3]_i_1_n_0                                                                                    | system_i/matmul_accel_0/inst/gmem2_m_axi_U/bus_write/wreq_burst_conv/rs_req/SR[0]                                                                    |                1 |              4 |         4.00 |
|  system_i/processing_system7_0/inst/FCLK_CLK0 | system_i/matmul_accel_0/inst/gmem0_m_axi_U/load_unit_0/bus_wide_gen.rs_tmp_rdata/pop                                                                                                | system_i/matmul_accel_0/inst/gmem2_m_axi_U/bus_write/wreq_burst_conv/rs_req/SR[0]                                                                    |                1 |              4 |         4.00 |
|  system_i/processing_system7_0/inst/FCLK_CLK0 | system_i/smartconnect_0/inst/s00_entry_pipeline/s00_si_converter/inst/converter.wrap_narrow_inst/gen_thread_loop[0].r_cmd_fifo/fifoaddr[3]_i_1__3_n_0                               | system_i/smartconnect_0/inst/s00_entry_pipeline/s00_si_converter/inst/areset                                                                         |                1 |              4 |         4.00 |
|  system_i/processing_system7_0/inst/FCLK_CLK0 | system_i/smartconnect_0/inst/s00_entry_pipeline/s00_si_converter/inst/converter.wrap_narrow_inst/gen_thread_loop[0].r_payld_fifo/cmd_fifo/fifoaddr[3]_i_1__5_n_0                    | system_i/smartconnect_0/inst/s00_entry_pipeline/s00_si_converter/inst/areset                                                                         |                1 |              4 |         4.00 |
|  system_i/processing_system7_0/inst/FCLK_CLK0 | system_i/smartconnect_0/inst/s00_entry_pipeline/s00_si_converter/inst/converter.wrap_narrow_inst/gen_thread_loop[0].r_payld_fifo/cmd_fifo/E[0]                                      |                                                                                                                                                      |                2 |              4 |         2.00 |
|  system_i/processing_system7_0/inst/FCLK_CLK0 | system_i/smartconnect_0/inst/s00_entry_pipeline/s00_si_converter/inst/converter.wrap_narrow_inst/w_cmd_fifo/gen_srls[4].srl_nx1/shift_qual                                          |                                                                                                                                                      |                1 |              4 |         4.00 |
|  system_i/processing_system7_0/inst/FCLK_CLK0 | system_i/matmul_accel_0/inst/gmem0_m_axi_U/bus_read/fifo_rctl/mOutPtr[4]_i_1__2_n_0                                                                                                 | system_i/matmul_accel_0/inst/gmem2_m_axi_U/bus_write/wreq_burst_conv/rs_req/SR[0]                                                                    |                1 |              5 |         5.00 |
|  system_i/processing_system7_0/inst/FCLK_CLK0 | system_i/matmul_accel_0/inst/gmem1_m_axi_U/load_unit_0/bus_wide_gen.rreq_offset/mOutPtr[4]_i_1__3_n_0                                                                               | system_i/matmul_accel_0/inst/gmem2_m_axi_U/bus_write/wreq_burst_conv/rs_req/SR[0]                                                                    |                1 |              5 |         5.00 |
|  system_i/processing_system7_0/inst/FCLK_CLK0 | system_i/smartconnect_0/inst/s00_entry_pipeline/s00_si_converter/inst/gen_normal.splitter_inst/gen_wsplitter.gen_wthread_loop[0].b_split_fifo/E[0]                                  | system_i/smartconnect_0/inst/s00_entry_pipeline/s00_si_converter/inst/areset                                                                         |                2 |              5 |         2.50 |
|  system_i/processing_system7_0/inst/FCLK_CLK0 | system_i/smartconnect_0/inst/s00_entry_pipeline/s00_si_converter/inst/converter.wrap_narrow_inst/aw_reg_slice/m_vector_i                                                            |                                                                                                                                                      |                2 |              5 |         2.50 |
|  system_i/processing_system7_0/inst/FCLK_CLK0 | system_i/smartconnect_0/inst/s00_entry_pipeline/s00_si_converter/inst/converter.wrap_narrow_inst/aw_reg_slice/skid_buffer[1136]_i_1__1_n_0                                          |                                                                                                                                                      |                1 |              5 |         5.00 |
|  system_i/processing_system7_0/inst/FCLK_CLK0 | system_i/smartconnect_0/inst/s01_entry_pipeline/s01_si_converter/inst/gen_normal.splitter_inst/ar_cmd_reg/E[0]                                                                      | system_i/smartconnect_0/inst/s01_entry_pipeline/s01_si_converter/inst/areset                                                                         |                2 |              5 |         2.50 |
|  system_i/processing_system7_0/inst/FCLK_CLK0 | system_i/smartconnect_0/inst/s02_entry_pipeline/s02_si_converter/inst/gen_normal.splitter_inst/ar_cmd_reg/S02_AXI_rready[0]                                                         | system_i/smartconnect_0/inst/s02_entry_pipeline/s02_si_converter/inst/areset                                                                         |                2 |              5 |         2.50 |
|  system_i/processing_system7_0/inst/FCLK_CLK0 | system_i/smartconnect_0/inst/s00_entry_pipeline/s00_si_converter/inst/converter.wrap_narrow_inst/ar_reg_slice/skid_buffer[1136]_i_1__2_n_0                                          |                                                                                                                                                      |                2 |              5 |         2.50 |
|  system_i/processing_system7_0/inst/FCLK_CLK0 | system_i/smartconnect_0/inst/s00_entry_pipeline/s00_si_converter/inst/converter.wrap_narrow_inst/ar_reg_slice/m_vector_i                                                            |                                                                                                                                                      |                2 |              5 |         2.50 |
|  system_i/processing_system7_0/inst/FCLK_CLK0 | system_i/smartconnect_0/inst/s00_entry_pipeline/s00_si_converter/inst/gen_normal.splitter_inst/ar_cmd_reg/E[0]                                                                      | system_i/smartconnect_0/inst/s00_entry_pipeline/s00_si_converter/inst/areset                                                                         |                3 |              5 |         1.67 |
|  system_i/processing_system7_0/inst/FCLK_CLK0 | system_i/matmul_accel_0/inst/gmem1_m_axi_U/bus_read/fifo_burst/mOutPtr[4]_i_1__5_n_0                                                                                                | system_i/matmul_accel_0/inst/gmem2_m_axi_U/bus_write/wreq_burst_conv/rs_req/SR[0]                                                                    |                1 |              5 |         5.00 |
|  system_i/processing_system7_0/inst/FCLK_CLK0 | system_i/matmul_accel_0/inst/gmem0_m_axi_U/bus_read/fifo_burst/mOutPtr[4]_i_1__1_n_0                                                                                                | system_i/matmul_accel_0/inst/gmem2_m_axi_U/bus_write/wreq_burst_conv/rs_req/SR[0]                                                                    |                1 |              5 |         5.00 |
|  system_i/processing_system7_0/inst/FCLK_CLK0 | system_i/smartconnect_0/inst/s00_entry_pipeline/s00_si_converter/inst/converter.wrap_narrow_inst/gen_thread_loop[0].r_payld_fifo/fifoaddr                                           | system_i/smartconnect_0/inst/s00_entry_pipeline/s00_si_converter/inst/areset                                                                         |                3 |              5 |         1.67 |
|  system_i/processing_system7_0/inst/FCLK_CLK0 | system_i/matmul_accel_0/inst/gmem2_m_axi_U/bus_write/fifo_resp/mOutPtr[4]_i_1__10_n_0                                                                                               | system_i/matmul_accel_0/inst/gmem2_m_axi_U/bus_write/wreq_burst_conv/rs_req/SR[0]                                                                    |                2 |              5 |         2.50 |
|  system_i/processing_system7_0/inst/FCLK_CLK0 | system_i/matmul_accel_0/inst/gmem2_m_axi_U/bus_write/fifo_burst/U_fifo_srl/E[0]                                                                                                     | system_i/matmul_accel_0/inst/gmem2_m_axi_U/bus_write/wreq_burst_conv/rs_req/SR[0]                                                                    |                2 |              5 |         2.50 |
|  system_i/processing_system7_0/inst/FCLK_CLK0 | system_i/matmul_accel_0/inst/gmem2_m_axi_U/bus_write/wreq_throttle/data_fifo/U_fifo_srl/WVALID_Dummy_reg[0]                                                                         | system_i/matmul_accel_0/inst/gmem2_m_axi_U/bus_write/wreq_burst_conv/rs_req/SR[0]                                                                    |                2 |              5 |         2.50 |
|  system_i/processing_system7_0/inst/FCLK_CLK0 | system_i/matmul_accel_0/inst/gmem2_m_axi_U/bus_write/wreq_throttle/data_fifo/mOutPtr[4]_i_1__12_n_0                                                                                 | system_i/matmul_accel_0/inst/gmem2_m_axi_U/bus_write/wreq_burst_conv/rs_req/SR[0]                                                                    |                2 |              5 |         2.50 |
|  system_i/processing_system7_0/inst/FCLK_CLK0 | system_i/matmul_accel_0/inst/gmem2_m_axi_U/bus_write/wreq_throttle/req_fifo/mOutPtr[4]_i_1__11_n_0                                                                                  | system_i/matmul_accel_0/inst/gmem2_m_axi_U/bus_write/wreq_burst_conv/rs_req/SR[0]                                                                    |                2 |              5 |         2.50 |
|  system_i/processing_system7_0/inst/FCLK_CLK0 | system_i/smartconnect_0/inst/s03_entry_pipeline/s03_si_converter/inst/gen_normal.splitter_inst/aw_cmd_reg/E[0]                                                                      | system_i/smartconnect_0/inst/s03_entry_pipeline/s03_si_converter/inst/areset                                                                         |                3 |              5 |         1.67 |
|  system_i/processing_system7_0/inst/FCLK_CLK0 | system_i/matmul_accel_0/inst/gmem2_m_axi_U/store_unit_0/fifo_wrsp/U_fifo_srl/s_ready_t_reg[0]                                                                                       | system_i/matmul_accel_0/inst/gmem2_m_axi_U/bus_write/wreq_burst_conv/rs_req/SR[0]                                                                    |                2 |              5 |         2.50 |
|  system_i/processing_system7_0/inst/FCLK_CLK0 | system_i/matmul_accel_0/inst/gmem2_m_axi_U/store_unit_0/buff_wdata/mOutPtr[4]_i_1__9_n_0                                                                                            | system_i/matmul_accel_0/inst/gmem2_m_axi_U/bus_write/wreq_burst_conv/rs_req/SR[0]                                                                    |                2 |              5 |         2.50 |
|  system_i/processing_system7_0/inst/FCLK_CLK0 | system_i/smartconnect_0/inst/s00_entry_pipeline/s00_si_converter/inst/converter.wrap_narrow_inst/w_payld_fifo/fifoaddr                                                              | system_i/smartconnect_0/inst/s00_entry_pipeline/s00_si_converter/inst/areset                                                                         |                2 |              5 |         2.50 |
|  system_i/processing_system7_0/inst/FCLK_CLK0 | system_i/matmul_accel_0/inst/gmem0_m_axi_U/load_unit_0/bus_wide_gen.rreq_offset/mOutPtr[4]_i_1_n_0                                                                                  | system_i/matmul_accel_0/inst/gmem2_m_axi_U/bus_write/wreq_burst_conv/rs_req/SR[0]                                                                    |                1 |              5 |         5.00 |
|  system_i/processing_system7_0/inst/FCLK_CLK0 | system_i/matmul_accel_0/inst/gmem1_m_axi_U/bus_read/fifo_rctl/mOutPtr[4]_i_1__6_n_0                                                                                                 | system_i/matmul_accel_0/inst/gmem2_m_axi_U/bus_write/wreq_burst_conv/rs_req/SR[0]                                                                    |                1 |              5 |         5.00 |
|  system_i/processing_system7_0/inst/FCLK_CLK0 | system_i/smartconnect_0/inst/s00_nodes/s00_w_node/inst/inst_mi_handler/m_sc_req[0]                                                                                                  | system_i/smartconnect_0/inst/switchboards/i_nodes/i_w_node/inst/inst_si_handler/areset_r                                                             |                2 |              6 |         3.00 |
|  system_i/processing_system7_0/inst/FCLK_CLK0 | system_i/smartconnect_0/inst/clk_map/psr_aclk/U0/SEQ/seq_cnt_en                                                                                                                     | system_i/smartconnect_0/inst/clk_map/psr_aclk/U0/SEQ/SEQ_COUNTER/clear                                                                               |                1 |              6 |         6.00 |
|  system_i/processing_system7_0/inst/FCLK_CLK0 | system_i/proc_sys_reset_0/U0/SEQ/seq_cnt_en                                                                                                                                         | system_i/proc_sys_reset_0/U0/SEQ/SEQ_COUNTER/clear                                                                                                   |                1 |              6 |         6.00 |
|  system_i/processing_system7_0/inst/FCLK_CLK0 | system_i/matmul_accel_0/inst/gmem1_m_axi_U/bus_read/rreq_burst_conv/could_multi_bursts.last_loop                                                                                    | system_i/matmul_accel_0/inst/gmem2_m_axi_U/bus_write/wreq_burst_conv/rs_req/SR[0]                                                                    |                3 |              7 |         2.33 |
|  system_i/processing_system7_0/inst/FCLK_CLK0 | system_i/smartconnect_0/inst/switchboards/i_nodes/i_r_node/inst/inst_si_handler/gen_si_handler.gen_arbiter_rr_minimal_area.inst_arbiter/s_sc_handshake[0]                           |                                                                                                                                                      |                4 |              7 |         1.75 |
|  system_i/processing_system7_0/inst/FCLK_CLK0 | system_i/matmul_accel_0/inst/gmem2_m_axi_U/bus_write/wreq_burst_conv/could_multi_bursts.last_loop                                                                                   | system_i/matmul_accel_0/inst/gmem2_m_axi_U/bus_write/wreq_burst_conv/rs_req/SR[0]                                                                    |                3 |              7 |         2.33 |
|  system_i/processing_system7_0/inst/FCLK_CLK0 | system_i/matmul_accel_0/inst/gmem0_m_axi_U/bus_read/rreq_burst_conv/could_multi_bursts.last_loop                                                                                    | system_i/matmul_accel_0/inst/gmem2_m_axi_U/bus_write/wreq_burst_conv/rs_req/SR[0]                                                                    |                2 |              7 |         3.50 |
|  system_i/processing_system7_0/inst/FCLK_CLK0 | system_i/matmul_accel_0/inst/gmem1_m_axi_U/load_unit_0/buff_rdata/U_fifo_mem/WEBWE[0]                                                                                               | system_i/matmul_accel_0/inst/gmem2_m_axi_U/bus_write/wreq_burst_conv/rs_req/SR[0]                                                                    |                2 |              8 |         4.00 |
|  system_i/processing_system7_0/inst/FCLK_CLK0 | system_i/smartconnect_0/inst/s02_entry_pipeline/s02_mmu/inst/gen_endpoint.decerr_slave_inst/gen_axi.gen_read.read_cnt[7]_i_1_n_0                                                    | system_i/smartconnect_0/inst/s02_entry_pipeline/s02_mmu/inst/areset                                                                                  |                2 |              8 |         4.00 |
|  system_i/processing_system7_0/inst/FCLK_CLK0 | system_i/smartconnect_0/inst/s00_entry_pipeline/s00_si_converter/inst/gen_normal.splitter_inst/aw_cmd_reg/state_reg[s_ready_i]_1                                                    |                                                                                                                                                      |                4 |              8 |         2.00 |
|  system_i/processing_system7_0/inst/FCLK_CLK0 | system_i/matmul_accel_0/inst/gmem0_m_axi_U/load_unit_0/buff_rdata/U_fifo_mem/WEBWE[0]                                                                                               | system_i/matmul_accel_0/inst/gmem2_m_axi_U/bus_write/wreq_burst_conv/rs_req/SR[0]                                                                    |                3 |              8 |         2.67 |
|  system_i/processing_system7_0/inst/FCLK_CLK0 | system_i/smartconnect_0/inst/s01_entry_pipeline/s01_si_converter/inst/gen_normal.splitter_inst/ar_cmd_reg/gen_rsplitter.arsplit_vacancy_reg                                         |                                                                                                                                                      |                4 |              8 |         2.00 |
|  system_i/processing_system7_0/inst/FCLK_CLK0 | system_i/smartconnect_0/inst/s01_entry_pipeline/s01_mmu/inst/gen_endpoint.decerr_slave_inst/gen_axi.gen_read.read_cnt[7]_i_1_n_0                                                    | system_i/smartconnect_0/inst/s01_entry_pipeline/s01_mmu/inst/areset                                                                                  |                3 |              8 |         2.67 |
|  system_i/processing_system7_0/inst/FCLK_CLK0 | system_i/smartconnect_0/inst/s00_entry_pipeline/s00_si_converter/inst/converter.wrap_narrow_inst/gen_thread_loop[0].r_payld_fifo/E[0]                                               | system_i/smartconnect_0/inst/s00_entry_pipeline/s00_si_converter/inst/areset                                                                         |                3 |              8 |         2.67 |
|  system_i/processing_system7_0/inst/FCLK_CLK0 | system_i/smartconnect_0/inst/s00_entry_pipeline/s00_mmu/inst/gen_endpoint.decerr_slave_inst/gen_axi.gen_read.read_cnt[7]_i_1_n_0                                                    | system_i/smartconnect_0/inst/s00_entry_pipeline/s00_mmu/inst/areset                                                                                  |                3 |              8 |         2.67 |
|  system_i/processing_system7_0/inst/FCLK_CLK0 | system_i/smartconnect_0/inst/s00_entry_pipeline/s00_si_converter/inst/converter.wrap_narrow_inst/w_cmd_fifo/E[0]                                                                    | system_i/smartconnect_0/inst/s00_entry_pipeline/s00_si_converter/inst/areset                                                                         |                3 |              8 |         2.67 |
|  system_i/processing_system7_0/inst/FCLK_CLK0 | system_i/smartconnect_0/inst/s02_entry_pipeline/s02_si_converter/inst/gen_normal.splitter_inst/ar_cmd_reg/E[0]                                                                      |                                                                                                                                                      |                3 |              8 |         2.67 |
|  system_i/processing_system7_0/inst/FCLK_CLK0 | system_i/smartconnect_0/inst/s03_entry_pipeline/s03_si_converter/inst/gen_normal.splitter_inst/aw_cmd_reg/gen_wsplitter.awtrans_cntr_reg[7]                                         |                                                                                                                                                      |                5 |              8 |         1.60 |
|  system_i/processing_system7_0/inst/FCLK_CLK0 | system_i/matmul_accel_0/inst/grp_matmul_accel_Pipeline_VITIS_LOOP_15_1_fu_203/N_cast_cast_reg_285[30]_i_1_n_0                                                                       | system_i/matmul_accel_0/inst/gmem2_m_axi_U/bus_write/wreq_burst_conv/rs_req/SR[0]                                                                    |                3 |              8 |         2.67 |
|  system_i/processing_system7_0/inst/FCLK_CLK0 | system_i/matmul_accel_0/inst/gmem2_m_axi_U/bus_write/wreq_throttle/data_fifo/full_n_reg_1[0]                                                                                        | system_i/matmul_accel_0/inst/gmem2_m_axi_U/bus_write/fifo_burst/U_fifo_srl/ap_rst_n_0[0]                                                             |                2 |              8 |         4.00 |
|  system_i/processing_system7_0/inst/FCLK_CLK0 | system_i/smartconnect_0/inst/s00_entry_pipeline/s00_si_converter/inst/gen_normal.splitter_inst/ar_cmd_reg/state_reg[m_valid_i]_1                                                    |                                                                                                                                                      |                4 |              8 |         2.00 |
|  system_i/processing_system7_0/inst/FCLK_CLK0 |                                                                                                                                                                                     | system_i/smartconnect_0/inst/s03_entry_pipeline/s03_si_converter/inst/areset                                                                         |                4 |              9 |         2.25 |
|  system_i/processing_system7_0/inst/FCLK_CLK0 | system_i/smartconnect_0/inst/s00_entry_pipeline/s00_si_converter/inst/gen_normal.splitter_inst/gen_wsplitter.w_split_fifo/E[0]                                                      | system_i/smartconnect_0/inst/s00_entry_pipeline/s00_si_converter/inst/areset                                                                         |                3 |              9 |         3.00 |
|  system_i/processing_system7_0/inst/FCLK_CLK0 |                                                                                                                                                                                     | system_i/smartconnect_0/inst/s01_entry_pipeline/s01_si_converter/inst/areset                                                                         |                4 |              9 |         2.25 |
|  system_i/processing_system7_0/inst/FCLK_CLK0 |                                                                                                                                                                                     | system_i/smartconnect_0/inst/s02_entry_pipeline/s02_si_converter/inst/areset                                                                         |                5 |              9 |         1.80 |
|  system_i/processing_system7_0/inst/FCLK_CLK0 |                                                                                                                                                                                     | system_i/smartconnect_0/inst/switchboards/i_nodes/i_ar_node/inst/inst_si_handler/areset_r                                                            |                3 |              9 |         3.00 |
|  system_i/processing_system7_0/inst/FCLK_CLK0 | system_i/smartconnect_0/inst/s00_entry_pipeline/s00_si_converter/inst/converter.wrap_narrow_inst/w_payld_fifo/cmd_fifo/last_beat_reg[0]                                             | system_i/smartconnect_0/inst/s00_entry_pipeline/s00_si_converter/inst/areset                                                                         |                4 |              9 |         2.25 |
|  system_i/processing_system7_0/inst/FCLK_CLK0 | system_i/smartconnect_0/inst/s00_entry_pipeline/s00_si_converter/inst/converter.wrap_narrow_inst/w_payld_fifo/cmd_fifo/gen_pipelined.mesg_reg                                       |                                                                                                                                                      |                4 |              9 |         2.25 |
|  system_i/processing_system7_0/inst/FCLK_CLK0 | system_i/smartconnect_0/inst/s00_entry_pipeline/s00_si_converter/inst/converter.wrap_narrow_inst/gen_thread_loop[0].r_payld_fifo/cmd_fifo/gen_pipelined.mesg_reg                    |                                                                                                                                                      |                4 |              9 |         2.25 |
|  system_i/processing_system7_0/inst/FCLK_CLK0 | system_i/smartconnect_0/inst/s00_entry_pipeline/s00_si_converter/inst/converter.wrap_narrow_inst/gen_thread_loop[0].r_payld_fifo/cmd_fifo/gen_srls[11].srl_nx1/shift_qual           |                                                                                                                                                      |                3 |              9 |         3.00 |
|  system_i/processing_system7_0/inst/FCLK_CLK0 | system_i/smartconnect_0/inst/s00_entry_pipeline/s00_si_converter/inst/converter.wrap_narrow_inst/gen_thread_loop[0].r_payld_fifo/cmd_fifo/last_beat_reg[0]                          | system_i/smartconnect_0/inst/s00_entry_pipeline/s00_si_converter/inst/areset                                                                         |                3 |              9 |         3.00 |
|  system_i/processing_system7_0/inst/FCLK_CLK0 | system_i/matmul_accel_0/inst/gmem1_m_axi_U/load_unit_0/buff_rdata/mOutPtr[8]_i_1__0_n_0                                                                                             | system_i/matmul_accel_0/inst/gmem2_m_axi_U/bus_write/wreq_burst_conv/rs_req/SR[0]                                                                    |                3 |              9 |         3.00 |
|  system_i/processing_system7_0/inst/FCLK_CLK0 | system_i/matmul_accel_0/inst/gmem0_m_axi_U/load_unit_0/buff_rdata/mOutPtr[8]_i_1_n_0                                                                                                | system_i/matmul_accel_0/inst/gmem2_m_axi_U/bus_write/wreq_burst_conv/rs_req/SR[0]                                                                    |                4 |              9 |         2.25 |
|  system_i/processing_system7_0/inst/FCLK_CLK0 | system_i/smartconnect_0/inst/s00_entry_pipeline/s00_si_converter/inst/converter.wrap_narrow_inst/w_payld_fifo/cmd_fifo/gen_srls[11].srl_nx1/shift_qual                              |                                                                                                                                                      |                3 |              9 |         3.00 |
|  system_i/processing_system7_0/inst/FCLK_CLK0 |                                                                                                                                                                                     | system_i/smartconnect_0/inst/s01_entry_pipeline/s01_mmu/inst/areset                                                                                  |                4 |             10 |         2.50 |
|  system_i/processing_system7_0/inst/FCLK_CLK0 |                                                                                                                                                                                     | system_i/smartconnect_0/inst/s02_entry_pipeline/s02_mmu/inst/areset                                                                                  |                5 |             10 |         2.00 |
|  system_i/processing_system7_0/inst/FCLK_CLK0 | system_i/smartconnect_0/inst/s00_entry_pipeline/s00_si_converter/inst/converter.wrap_narrow_inst/gen_thread_loop[0].r_payld_fifo/m_valid_i_reg_1[0]                                 | system_i/smartconnect_0/inst/s00_entry_pipeline/s00_si_converter/inst/areset                                                                         |                5 |             10 |         2.00 |
|  system_i/processing_system7_0/inst/FCLK_CLK0 | system_i/smartconnect_0/inst/s00_entry_pipeline/s00_si_converter/inst/converter.wrap_narrow_inst/w_payld_fifo/cmd_fifo/cmd_len_qq                                                   | system_i/smartconnect_0/inst/s00_entry_pipeline/s00_si_converter/inst/areset                                                                         |                2 |             10 |         5.00 |
|  system_i/processing_system7_0/inst/FCLK_CLK0 | system_i/smartconnect_0/inst/s00_entry_pipeline/s00_si_converter/inst/converter.wrap_narrow_inst/gen_thread_loop[0].r_payld_fifo/cmd_fifo/cmd_len_qq                                | system_i/smartconnect_0/inst/s00_entry_pipeline/s00_si_converter/inst/areset                                                                         |                2 |             10 |         5.00 |
|  system_i/processing_system7_0/inst/FCLK_CLK0 | system_i/smartconnect_0/inst/s00_entry_pipeline/s00_transaction_regulator/inst/gen_endpoint.gen_r_singleorder.r_singleorder/gen_id_reg.s_rid_i0                                     |                                                                                                                                                      |                4 |             12 |         3.00 |
|  system_i/processing_system7_0/inst/FCLK_CLK0 |                                                                                                                                                                                     | system_i/smartconnect_0/inst/switchboards/i_nodes/i_aw_node/inst/inst_si_handler/areset_r                                                            |                5 |             12 |         2.40 |
|  system_i/processing_system7_0/inst/FCLK_CLK0 | system_i/smartconnect_0/inst/s00_entry_pipeline/s00_mmu/inst/gen_endpoint.decerr_slave_inst/gen_axi.gen_read.s_axi_rid_i_0                                                          | system_i/smartconnect_0/inst/s00_entry_pipeline/s00_mmu/inst/areset                                                                                  |                5 |             12 |         2.40 |
|  system_i/processing_system7_0/inst/FCLK_CLK0 | system_i/smartconnect_0/inst/s00_entry_pipeline/s00_transaction_regulator/inst/gen_endpoint.gen_w_singleorder.w_singleorder/gen_id_reg.s_rid_i0                                     |                                                                                                                                                      |                2 |             12 |         6.00 |
|  system_i/processing_system7_0/inst/FCLK_CLK0 | system_i/smartconnect_0/inst/s00_entry_pipeline/s00_mmu/inst/gen_endpoint.decerr_slave_inst/gen_axi.gen_write.s_axi_bid_i[11]_i_1_n_0                                               | system_i/smartconnect_0/inst/s00_entry_pipeline/s00_mmu/inst/areset                                                                                  |                2 |             12 |         6.00 |
|  system_i/processing_system7_0/inst/FCLK_CLK0 | system_i/matmul_accel_0/inst/gmem0_m_axi_U/load_unit_0/fifo_rreq/U_fifo_srl/push                                                                                                    |                                                                                                                                                      |                2 |             12 |         6.00 |
|  system_i/processing_system7_0/inst/FCLK_CLK0 | system_i/matmul_accel_0/inst/gmem0_m_axi_U/load_unit_0/fifo_rreq/U_fifo_srl/pop                                                                                                     | system_i/matmul_accel_0/inst/gmem2_m_axi_U/bus_write/wreq_burst_conv/rs_req/SR[0]                                                                    |                2 |             12 |         6.00 |
|  system_i/processing_system7_0/inst/FCLK_CLK0 | system_i/matmul_accel_0/inst/gmem1_m_axi_U/load_unit_0/bus_wide_gen.rreq_offset/tmp_valid_reg[0]                                                                                    |                                                                                                                                                      |                3 |             13 |         4.33 |
|  system_i/processing_system7_0/inst/FCLK_CLK0 |                                                                                                                                                                                     | system_i/smartconnect_0/inst/s03_entry_pipeline/s03_mmu/inst/areset                                                                                  |                5 |             13 |         2.60 |
|  system_i/processing_system7_0/inst/FCLK_CLK0 | system_i/matmul_accel_0/inst/grp_matmul_accel_Pipeline_VITIS_LOOP_15_1_fu_203/push                                                                                                  |                                                                                                                                                      |                3 |             13 |         4.33 |
|  system_i/processing_system7_0/inst/FCLK_CLK0 | system_i/matmul_accel_0/inst/gmem1_m_axi_U/bus_read/rreq_burst_conv/rs_req/load_p1                                                                                                  |                                                                                                                                                      |                4 |             13 |         3.25 |
|  system_i/processing_system7_0/inst/FCLK_CLK0 | system_i/matmul_accel_0/inst/gmem1_m_axi_U/load_unit_0/bus_wide_gen.rreq_offset/s_ready_t_reg[0]                                                                                    | system_i/matmul_accel_0/inst/gmem2_m_axi_U/bus_write/wreq_burst_conv/rs_req/SR[0]                                                                    |                5 |             13 |         2.60 |
|  system_i/processing_system7_0/inst/FCLK_CLK0 | system_i/matmul_accel_0/inst/gmem1_m_axi_U/load_unit_0/fifo_rreq/U_fifo_srl/pop                                                                                                     | system_i/matmul_accel_0/inst/gmem2_m_axi_U/bus_write/wreq_burst_conv/rs_req/SR[0]                                                                    |                3 |             13 |         4.33 |
|  system_i/processing_system7_0/inst/FCLK_CLK0 | system_i/smartconnect_0/inst/s00_entry_pipeline/s00_si_converter/inst/converter.wrap_narrow_inst/gen_thread_loop[0].r_cmd_fifo/gen_srls[20].srl_nx1/shift_qual                      |                                                                                                                                                      |                4 |             14 |         3.50 |
|  system_i/processing_system7_0/inst/FCLK_CLK0 | system_i/smartconnect_0/inst/s00_entry_pipeline/s00_si_converter/inst/converter.wrap_narrow_inst/gen_thread_loop[0].r_cmd_fifo/gen_pipelined.mesg_reg                               |                                                                                                                                                      |                6 |             14 |         2.33 |
|  system_i/processing_system7_0/inst/FCLK_CLK0 | system_i/matmul_accel_0/inst/gmem1_m_axi_U/bus_read/rs_rdata/load_p2                                                                                                                |                                                                                                                                                      |                5 |             21 |         4.20 |
|  system_i/processing_system7_0/inst/FCLK_CLK0 | system_i/matmul_accel_0/inst/gmem0_m_axi_U/bus_read/rs_rdata/load_p2                                                                                                                |                                                                                                                                                      |                6 |             21 |         3.50 |
|  system_i/processing_system7_0/inst/FCLK_CLK0 | system_i/matmul_accel_0/inst/gmem0_m_axi_U/bus_read/rs_rdata/load_p1                                                                                                                |                                                                                                                                                      |                7 |             21 |         3.00 |
|  system_i/processing_system7_0/inst/FCLK_CLK0 | system_i/matmul_accel_0/inst/gmem1_m_axi_U/bus_read/rs_rdata/load_p1                                                                                                                |                                                                                                                                                      |                7 |             21 |         3.00 |
|  system_i/processing_system7_0/inst/FCLK_CLK0 |                                                                                                                                                                                     | system_i/smartconnect_0/inst/s00_entry_pipeline/s00_mmu/inst/areset                                                                                  |                9 |             23 |         2.56 |
|  system_i/processing_system7_0/inst/FCLK_CLK0 | system_i/matmul_accel_0/inst/gmem2_m_axi_U/bus_write/wreq_burst_conv/rs_req/p_15_in                                                                                                 | system_i/matmul_accel_0/inst/gmem2_m_axi_U/bus_write/wreq_burst_conv/rs_req/SR[0]                                                                    |                8 |             25 |         3.12 |
|  system_i/processing_system7_0/inst/FCLK_CLK0 | system_i/matmul_accel_0/inst/gmem1_m_axi_U/bus_read/rreq_burst_conv/rs_req/p_15_in                                                                                                  | system_i/matmul_accel_0/inst/gmem2_m_axi_U/bus_write/wreq_burst_conv/rs_req/SR[0]                                                                    |                7 |             25 |         3.57 |
|  system_i/processing_system7_0/inst/FCLK_CLK0 | system_i/matmul_accel_0/inst/gmem0_m_axi_U/bus_read/rreq_burst_conv/rs_req/p_15_in                                                                                                  | system_i/matmul_accel_0/inst/gmem2_m_axi_U/bus_write/wreq_burst_conv/rs_req/SR[0]                                                                    |                8 |             25 |         3.12 |
|  system_i/processing_system7_0/inst/FCLK_CLK0 | system_i/smartconnect_0/inst/s00_entry_pipeline/s00_mmu/inst/aw_reg_stall/m_vector_i                                                                                                |                                                                                                                                                      |                6 |             26 |         4.33 |
|  system_i/processing_system7_0/inst/FCLK_CLK0 | system_i/smartconnect_0/inst/s00_entry_pipeline/s00_mmu/inst/aw_reg_stall/skid_buffer[1136]_i_1__0_n_0                                                                              |                                                                                                                                                      |                5 |             26 |         5.20 |
|  system_i/processing_system7_0/inst/FCLK_CLK0 | system_i/smartconnect_0/inst/s00_entry_pipeline/s00_mmu/inst/ar_reg_stall/m_vector_i                                                                                                |                                                                                                                                                      |                7 |             26 |         3.71 |
|  system_i/processing_system7_0/inst/FCLK_CLK0 | system_i/smartconnect_0/inst/s00_entry_pipeline/s00_mmu/inst/ar_reg_stall/skid_buffer[1136]_i_1_n_0                                                                                 |                                                                                                                                                      |                7 |             26 |         3.71 |
|  system_i/processing_system7_0/inst/FCLK_CLK0 | system_i/matmul_accel_0/inst/grp_matmul_accel_Pipeline_VITIS_LOOP_15_1_fu_203/N_cast_cast_reg_285[30]_i_1_n_0                                                                       |                                                                                                                                                      |                5 |             28 |         5.60 |
|  system_i/processing_system7_0/inst/FCLK_CLK0 | system_i/matmul_accel_0/inst/gmem2_m_axi_U/bus_write/wreq_burst_conv/rs_req/load_p1                                                                                                 |                                                                                                                                                      |               10 |             30 |         3.00 |
|  system_i/processing_system7_0/inst/FCLK_CLK0 | system_i/matmul_accel_0/inst/gmem2_m_axi_U/store_unit_0/E[0]                                                                                                                        |                                                                                                                                                      |                8 |             30 |         3.75 |
|  system_i/processing_system7_0/inst/FCLK_CLK0 | system_i/matmul_accel_0/inst/gmem2_m_axi_U/store_unit_0/fifo_wrsp/E[0]                                                                                                              | system_i/matmul_accel_0/inst/gmem2_m_axi_U/bus_write/wreq_burst_conv/rs_req/SR[0]                                                                    |                7 |             30 |         4.29 |
|  system_i/processing_system7_0/inst/FCLK_CLK0 | system_i/matmul_accel_0/inst/ap_CS_fsm_state6                                                                                                                                       |                                                                                                                                                      |                9 |             31 |         3.44 |
|  system_i/processing_system7_0/inst/FCLK_CLK0 | system_i/matmul_accel_0/inst/gmem2_m_axi_U/store_unit_0/buff_wdata/U_fifo_mem/WEBWE[0]                                                                                              | system_i/matmul_accel_0/inst/gmem2_m_axi_U/store_unit_0/buff_wdata/ap_CS_fsm_reg[4][0]                                                               |                6 |             31 |         5.17 |
|  system_i/processing_system7_0/inst/FCLK_CLK0 | system_i/matmul_accel_0/inst/ap_NS_fsm10_out                                                                                                                                        |                                                                                                                                                      |               10 |             43 |         4.30 |
|  system_i/processing_system7_0/inst/FCLK_CLK0 | system_i/matmul_accel_0/inst/grp_matmul_accel_Pipeline_VITIS_LOOP_15_1_fu_203/k_fu_78                                                                                               | system_i/matmul_accel_0/inst/grp_matmul_accel_Pipeline_VITIS_LOOP_15_1_fu_203/flow_control_loop_pipe_sequential_init_U/ap_enable_reg_pp0_iter2_reg_0 |               11 |             43 |         3.91 |
|  system_i/processing_system7_0/inst/FCLK_CLK0 | system_i/matmul_accel_0/inst/gmem0_m_axi_U/load_unit_0/bus_wide_gen.rreq_offset/tmp_valid_reg[0]                                                                                    |                                                                                                                                                      |               12 |             44 |         3.67 |
|  system_i/processing_system7_0/inst/FCLK_CLK0 | system_i/matmul_accel_0/inst/gmem0_m_axi_U/bus_read/rreq_burst_conv/rs_req/load_p1                                                                                                  |                                                                                                                                                      |               13 |             44 |         3.38 |
|  system_i/processing_system7_0/inst/FCLK_CLK0 | system_i/matmul_accel_0/inst/gmem0_m_axi_U/load_unit_0/bus_wide_gen.rreq_offset/s_ready_t_reg[0]                                                                                    | system_i/matmul_accel_0/inst/gmem2_m_axi_U/bus_write/wreq_burst_conv/rs_req/SR[0]                                                                    |               14 |             44 |         3.14 |
|  system_i/processing_system7_0/inst/FCLK_CLK0 | system_i/matmul_accel_0/inst/gmem2_m_axi_U/bus_write/wreq_burst_conv/rs_req/next_req                                                                                                | system_i/matmul_accel_0/inst/gmem2_m_axi_U/bus_write/wreq_burst_conv/rs_req/SR[0]                                                                    |               14 |             50 |         3.57 |
|  system_i/processing_system7_0/inst/FCLK_CLK0 | system_i/matmul_accel_0/inst/gmem1_m_axi_U/bus_read/rreq_burst_conv/rs_req/next_req                                                                                                 | system_i/matmul_accel_0/inst/gmem2_m_axi_U/bus_write/wreq_burst_conv/rs_req/SR[0]                                                                    |               14 |             50 |         3.57 |
|  system_i/processing_system7_0/inst/FCLK_CLK0 | system_i/matmul_accel_0/inst/gmem0_m_axi_U/bus_read/rreq_burst_conv/rs_req/next_req                                                                                                 | system_i/matmul_accel_0/inst/gmem2_m_axi_U/bus_write/wreq_burst_conv/rs_req/SR[0]                                                                    |               16 |             50 |         3.12 |
|  system_i/processing_system7_0/inst/FCLK_CLK0 | system_i/matmul_accel_0/inst/ap_CS_fsm_state5                                                                                                                                       |                                                                                                                                                      |               15 |             55 |         3.67 |
|  system_i/processing_system7_0/inst/FCLK_CLK0 |                                                                                                                                                                                     | system_i/smartconnect_0/inst/s00_entry_pipeline/s00_si_converter/inst/areset                                                                         |               28 |             55 |         1.96 |
|  system_i/processing_system7_0/inst/FCLK_CLK0 |                                                                                                                                                                                     | system_i/matmul_accel_0/inst/gmem2_m_axi_U/bus_write/wreq_burst_conv/rs_req/SR[0]                                                                    |               66 |            155 |         2.35 |
|  system_i/processing_system7_0/inst/FCLK_CLK0 |                                                                                                                                                                                     |                                                                                                                                                      |               98 |            215 |         2.19 |
+-----------------------------------------------+-------------------------------------------------------------------------------------------------------------------------------------------------------------------------------------+------------------------------------------------------------------------------------------------------------------------------------------------------+------------------+----------------+--------------+


